Date,Open,High,Low,Close,Volume
,MSFT,MSFT,MSFT,MSFT,MSFT
2016-01-04,47.45487460261979,47.874210357666016,46.642410535785125,47.874210357666016,53778000
2016-01-05,47.9877572793265,48.38962009184693,47.64704735859906,48.09259033203125,34079700
2016-01-06,47.45484427406752,47.52473518819987,46.86078483427135,47.21896743774414,39518900
2016-01-07,46.039587588239186,46.72974538365971,45.48920829153578,45.576568603515625,56564900
2016-01-08,45.751304133593464,46.54629517101216,45.55911073210291,45.71636199951172,48754000
2016-01-11,45.87359842559772,46.17062815256427,44.956301817565894,45.69013977050781,36943800
2016-01-12,46.092016706598216,46.38904652486739,45.48048766832343,46.10948944091797,36095500
2016-01-13,47.00057537937086,47.23645227616539,44.816533741550806,45.113563537597656,66883600
2016-01-14,45.428062610738266,46.668596567007135,45.052407211004386,46.39777755737305,52381900
2016-01-15,44.825268560323735,45.40185537806295,43.97785939918322,44.545711517333984,71820700
2016-01-19,44.97378492574377,45.148508922973875,43.73325087731782,44.17005920410156,43564500
2016-01-20,43.66336006216184,44.886424713460386,42.894576471843244,44.37099075317383,63273000
2016-01-21,44.554447360464486,45.0611465967527,43.942915063510156,44.10016632080078,40191200
2016-01-22,44.912635721056795,45.7163648413958,44.78159187920895,45.681419372558594,37555800
2016-01-25,45.37563503563644,45.995905218131426,45.12228881005738,45.24459457397461,34707700
2016-01-26,45.244596751926395,45.81244544495994,45.03492733755957,45.576568603515625,28900800
2016-01-27,45.436793770222565,45.60278304198996,44.57191528107188,44.746639251708984,36775200
2016-01-28,45.305752412149396,45.611516855391514,44.77284581171384,45.48047637939453,62513800
2016-01-29,47.81303048681229,48.127532958984375,47.17529084383333,48.127532958984375,83611700
2016-02-01,47.944086950190254,48.12754566319066,47.612111660534744,47.795570373535156,44208500
2016-02-02,47.32380358103601,47.40242919830204,45.99590945122698,46.301673889160156,56313800
2016-02-03,46.52009446275774,46.642400281183534,44.781595569549815,45.56785202026367,57559800
2016-02-04,45.515426586501306,46.135696946958674,44.877686825542554,45.42806625366211,46987100
2016-02-05,45.375634731828875,45.42805291569192,43.29643009399285,43.82059860229492,62009000
2016-02-08,43.28769961377609,43.30517234477795,42.09958056631063,43.1653938293457,59290500
2016-02-09,42.82468761949719,43.89050097494652,42.51891979932612,43.05182647705078,46740500
2016-02-10,43.58473003911108,44.021538323059005,43.26149284211277,43.4274787902832,38237000
2016-02-11,42.52765244359045,43.77692433330894,42.37913590230555,43.410003662109375,48878600
2016-02-12,43.899241079198255,44.27489654309955,43.46243271025101,44.117645263671875,34243300
2016-02-16,44.78635925648084,44.95353698730469,44.10884420549356,44.95353698730469,37291200
2016-02-17,45.30549311727773,46.43175013796473,45.27029674625359,46.12378692626953,40789000
2016-02-18,46.04460072180875,46.5901310536965,45.84222326405758,45.92141342163086,27176000
2016-02-19,45.727825125697954,46.000588524116374,45.34067187915368,45.59584045410156,33559100
2016-02-22,46.00060663724166,46.63412793994326,46.00060663724166,46.326168060302734,25008300
2016-02-23,46.05338584874842,46.0797814420599,44.85673638981721,45.03271484375,28895300
2016-02-24,44.601573679302476,45.3142850012582,44.17042993466441,45.19110107421875,33014500
2016-02-25,45.516666070099724,45.84222412109375,44.53119114582789,45.84222412109375,26939500
2016-02-26,46.28216462022726,46.35255735829197,44.9623309901085,45.138309478759766,35975900
2016-02-29,45.182306297279,45.44627572624541,44.57518399497983,44.768760681152344,31654000
2016-03-01,44.8479538027455,46.27337337342729,44.80395665733598,46.26457595825195,33024500
2016-03-02,46.11499269490129,46.59893108210013,45.895020395582634,46.59013366699219,29289900
2016-03-03,46.60773236388552,46.60773236388552,45.560662059500565,46.062198638916016,24427800
2016-03-04,46.106189583805104,46.15018336693163,45.49906396452334,45.7806282043457,33034200
2016-03-07,45.36708124776602,45.578252743012776,44.50479036973591,44.90073776245117,38407800
2016-03-08,44.69836229554412,45.868616322927046,44.52238381728598,45.44626998901367,33835100
2016-03-09,45.657444233772914,46.502136952588536,45.63104863521945,46.49333953857422,28251600
2016-03-10,46.57252872392753,46.58132613775923,45.015124667904836,45.79822540283203,38387800
2016-03-11,46.63412869568118,46.69572067260742,46.088598318686856,46.69572067260742,32275700
2016-03-14,46.37895466112769,47.15325802574079,46.30856527698684,46.7837028503418,24083600
2016-03-15,46.414152263438055,47.15325927734375,46.40535484887842,47.15325927734375,21104800
2016-03-16,47.03007370643819,48.041944171304635,46.986079922141485,47.82197189331055,31691700
2016-03-17,47.69878724082603,48.393900434446984,47.514011335638855,48.0947380065918,28223900
2016-03-18,48.32351171282247,48.36750885662904,47.03007691247119,47.06527328491211,67625500
2016-03-21,46.8540905226376,47.452415327409945,46.57252630351065,47.39082336425781,23925700
2016-03-22,47.1708628681654,47.73399144680949,47.03887813907209,47.57561111450195,23124100
2016-03-23,47.610805258614796,47.72519179470111,47.285247193688605,47.48762130737305,20129000
2016-03-24,47.37322587075173,47.80437297560439,47.27643753967193,47.69878387451172,19950000
2016-03-28,47.69877688679521,47.76916961054469,46.92447706460984,47.1092529296875,17025100
2016-03-29,47.214857489186606,48.27072527096473,47.030081550416,48.13874053955078,23924300
2016-03-30,48.33231477739125,48.95703531355987,48.30591917506358,48.43790054321289,23008300
2016-03-31,48.34991124728278,48.91303978701316,48.27072108660128,48.59627914428711,26360500
2016-04-01,48.437888835239384,48.93062788415821,48.0155425175276,48.89543151855469,24399200
2016-04-04,48.77225875854492,48.974632872319724,48.39390613298435,48.77225875854492,18928800
2016-04-05,48.56107588916114,48.65786422255586,47.91875727978115,48.00674819946289,19272300
2016-04-06,47.83077455588003,48.569881573433776,47.698789841259085,48.499488830566406,21188700
2016-04-07,48.279516623545035,48.3147129950368,47.71638810571969,47.91876220703125,19225100
2016-04-08,48.10352477730038,48.6402575458572,47.795565003461114,47.88355255126953,22167200
2016-04-11,47.94515397308896,48.52588058956278,47.77797291183226,47.786773681640625,21414200
2016-04-12,47.83957387605587,48.20032830634409,47.30284093810028,48.08594512939453,24944300
2016-04-13,48.49948063901389,48.781044849905776,48.29710657221724,48.70185470581055,20818000
2016-04-14,48.5874712903661,48.904231865036515,48.45548659875005,48.710655212402344,20877100
2016-04-15,48.657853382291925,49.203383536740986,48.490675706906956,48.965816497802734,28793800
2016-04-18,48.82504910585396,49.79292580238987,48.578677868009216,49.67853927612305,23786000
2016-04-19,49.82811820980119,49.95130214067048,48.99222293481768,49.616943359375,29596800
2016-04-20,49.528947813934586,49.713723680458884,48.825037353477846,48.91302490234375,36195700
2016-04-21,49.09780982372499,49.4761623953437,48.76345103465277,49.0802116394043,38909100
2016-04-22,45.675047850771925,46.13259063367685,44.67197470831189,45.56066131591797,126834100
2016-04-25,45.560644431836096,45.86860754900708,45.42866311577109,45.851009368896484,33226900
2016-04-26,45.98300634526713,46.062196504479566,44.95353763201622,45.261497497558594,33532600
2016-04-27,45.29669322512396,45.314291410977475,44.478396043744674,44.82155227661133,43369300
2016-04-28,44.539981437652344,44.67196613380487,43.607301220743366,43.906463623046875,43134800
2016-04-29,43.42253453463554,44.21443622758483,43.42253453463554,43.88007736206055,48411700
2016-05-02,43.99445606382341,44.65437290478076,43.80087938305918,44.53118896484375,33114500
2016-05-03,44.29362341779989,44.35521539460773,43.642503918888586,43.80088424682617,26460200
2016-05-04,43.853681757799315,44.0472584730783,43.51932289227503,43.88007736206055,24257600
2016-05-05,43.88006224559003,44.25841477337949,43.75687832612557,43.941654205322266,25390700
2016-05-06,43.92406319224728,44.33761215209961,43.69529349826106,44.33761215209961,24787300
2016-05-09,44.42561222765256,44.51359981503573,43.99446499384788,44.05605697631836,17951600
2016-05-10,44.28480752700074,44.962318989231456,44.16162026826738,44.891929626464844,22891000
2016-05-11,44.98873533683298,45.56066129785421,44.87434880202438,44.91834259033203,24039100
2016-05-12,45.05032231375928,45.5870551984943,44.803951084849935,45.32308578491211,24102800
2016-05-13,45.26148220997167,45.66623364063178,44.90952867630114,44.944725036621094,22592300
2016-05-16,44.69836063549559,45.719031743673874,44.65436685669251,45.60464859008789,20032000
2016-05-17,45.826170210823214,45.835029158495075,44.62115052818936,44.75405502319336,27803500
2016-05-18,44.727459625482275,45.31224799306636,44.567971581596936,45.01985549926758,24907500
2016-05-19,44.71860501685934,44.851509479659576,44.14267553809779,44.585697174072266,23842400
2016-05-20,44.72747879461721,45.38315252048386,44.656597066949125,44.851524353027344,23905800
2016-05-23,44.83379508239531,44.904680177412786,44.28444911595932,44.32875061035156,26118700
2016-05-24,44.92240511982776,45.81730754758918,44.65659275177895,45.71098327636719,34757900
2016-05-25,46.003366986643314,46.508414782424545,45.88818379004953,46.18057632446289,24040200
2016-05-26,46.012230111315276,46.05653160154252,45.50718568675329,45.97678756713867,24335200
2016-05-27,46.00337317730161,46.357791900634766,45.870468691042255,46.357791900634766,17721400
2016-05-31,46.304615554627674,46.960289001464844,46.14513089024804,46.960289001464844,37653100
2016-06-01,46.464099777047295,46.91598365891014,46.464099777047295,46.82737731933594,25324800
2016-06-02,46.64132430473695,46.72993067324139,45.93249025663814,46.49955749511719,22840800
2016-06-03,46.41094156277878,46.44638072030937,45.71982560114292,45.88817596435547,23368300
2016-06-06,46.06540375919695,46.38437658490279,45.9767973798444,46.189449310302734,18243300
2016-06-07,46.286902138562944,46.72106145019547,46.1628532409668,46.1628532409668,20866800
2016-06-08,46.09197797570673,46.464114580522455,45.95907011399407,46.10969924926758,21149400
2016-06-09,46.07425003175835,46.07425003175835,45.6223694513334,45.737552642822266,20305700
2016-06-10,45.23249609896079,46.118539130791504,45.22363715583629,45.613494873046875,25833200
2016-06-13,43.93003397808746,44.94012292671042,43.469290998367136,44.42621612548828,83217800
2016-06-14,44.213557788842465,44.39076372788662,43.92116190544368,44.15153503417969,42577100
2016-06-15,44.107236559310515,44.40849143131008,44.02749252319336,44.02749252319336,33757600
2016-06-16,43.87687112740675,44.718613063212764,43.868008800300004,44.647727966308594,31188600
2016-06-17,44.665445642947375,44.68316691574605,44.14267992534148,44.417354583740234,45710500
2016-06-20,44.869237432467905,45.037587842399944,44.3287504152937,44.364192962646484,35607900
2016-06-21,44.4793749523581,45.56920782086173,44.4439324086701,45.3565559387207,34097800
2016-06-22,45.25909202173839,45.595786031995765,45.14390544981516,45.17934799194336,28816800
2016-06-23,45.43629861942335,46.12741468081746,45.32111542584674,45.9945068359375,29028800
2016-06-24,44.133813764277946,45.13504016382661,43.87686042068264,44.15153503417969,133503000
2016-06-27,43.504726824636585,43.54903169581225,42.565523043485584,42.91107940673828,50216300
2016-06-28,43.34523774870892,43.83256428046033,43.1237269179081,43.80598068237305,38140700
2016-06-29,44.22242752556689,44.940123921789755,44.1249622073158,44.780635833740234,31304000
2016-06-30,44.94011986577124,45.45402325200327,44.74518924686229,45.338836669921875,28527800
2016-07-01,45.30339872320934,45.82616444980957,45.25023490389861,45.329978942871094,21400400
2016-07-05,45.037585175225715,45.43630197937635,44.95784113839816,45.338836669921875,24806400
2016-07-06,44.99328191525632,45.6666767792506,44.64772553662198,45.52490997314453,28167500
2016-07-07,45.560349139680596,45.728699545672804,45.25023530756959,45.52490997314453,19585200
2016-07-08,45.835009260611265,46.393217361264355,45.67552123185324,46.34005355834961,28391000
2016-07-11,46.51728277642066,46.80967874769509,46.49070255357304,46.59702682495117,22269200
2016-07-12,46.9071264171992,47.31470886342834,46.77422196341748,47.146358489990234,27317600
2016-07-13,47.456490547441284,47.72230291847873,47.11979307480042,47.41218566894531,25356800
2016-07-14,47.704573593638415,47.83748144672475,47.47420381227416,47.615970611572266,24545500
2016-07-15,47.802031430413,47.846332914521724,47.146357973649536,47.58052062988281,32024400
2016-07-18,47.58051665693508,48.14758371814473,47.44760883572007,47.81088638305664,31433900
2016-07-19,47.58937338588643,47.75772373558745,46.898260859704585,47.0400276184082,53336500
2016-07-20,49.751329079522,50.362697695887846,49.20197983932307,49.53867721557617,89893300
2016-07-21,49.600695925695106,49.82220671674232,49.40576534797789,49.44120788574219,32776700
2016-07-22,49.68930340938736,50.17662648486735,49.423487750046895,50.12346267700195,32157200
2016-07-25,50.03486992775722,50.27410204202336,49.84879825222542,50.26523971557617,25610600
2016-07-26,50.079172008711595,50.76142581371553,50.07030968216023,50.29182052612305,28079000
2016-07-27,50.158902109589555,50.327249087425656,49.71588054477069,49.78676223754883,32327500
2016-07-28,49.618424669127094,49.946259742866054,49.370333627377285,49.80449295043945,37550400
2016-07-29,49.84878450896361,50.29180606954091,49.66271626471785,50.220924377441406,30558700
2016-08-01,50.15004973986619,50.28295758768746,49.7424706305285,50.13233184814453,26003400
2016-08-02,50.371560566243666,50.41586543550874,49.89309975005842,50.13233184814453,35122000
2016-08-03,50.22092524976191,50.60192406887511,50.052578270613466,50.47787857055664,22075600
2016-08-04,50.32727081372982,50.96522322406893,50.21208421075465,50.85003662109375,26587700
2016-08-05,51.080393156160895,51.576575197832106,50.903183835569756,51.355064392089844,29335200
2016-08-08,51.44367599487305,51.470256212680276,51.19558156871989,51.44367599487305,19473500
2016-08-09,51.54112728415639,51.83352313964525,51.40822284255934,51.567710876464844,16920700
2016-08-10,51.53227916612314,51.6740459616013,51.231024303233674,51.408233642578125,15756900
2016-08-11,51.41709418539858,51.78923414757809,51.41709418539858,51.65632629394531,18162300
2016-08-12,51.417089151666325,51.55885593766833,51.053811551287,51.337345123291016,21655200
2016-08-15,51.399376115924646,51.83353886885823,51.35507462194873,51.49684143066406,19283900
2016-08-16,51.36310053034821,51.37201469088638,51.059968056251904,51.21153259277344,20523500
2016-08-17,51.3006993114291,51.42551798501031,51.02431267631799,51.31853103637695,18856400
2016-08-18,51.19370109819521,51.44334180806566,51.059968283208825,51.354183197021484,14214300
2016-08-19,51.20262444289905,51.47009350413433,50.99756471591687,51.37202072143555,17271000
2016-08-22,51.35419374835187,51.48792999186921,51.051061210625974,51.416603088378906,15221900
2016-08-23,51.621653309521356,51.87129060712129,51.57707230547585,51.612735748291016,18732400
2016-08-24,51.53250065197109,51.746477932512896,51.46117715915949,51.666236877441406,18151500
2016-08-25,51.60381809706758,51.969359858561006,51.51465949606134,51.862369537353516,18552600
2016-08-26,51.96044405127979,52.33490338603597,51.43442019127792,51.737552642822266,20971200
2016-08-29,51.87129179204484,52.24574774699864,51.799964904785156,51.799964904785156,16417200
2016-08-30,51.69297679409858,51.88020476729853,51.363098450691076,51.612735748291016,16930200
2016-08-31,51.398777450700784,51.532510300155764,51.08672733319757,51.22937774658203,20860300
2016-09-01,50.828150963983425,51.55032029032629,50.828150963983425,51.34526062011719,26075400
2016-09-02,51.416603088378906,51.88021775790403,51.19371161655263,51.416603088378906,18900500
2016-09-06,51.51465119615107,51.53248291347932,51.00645915597915,51.36308670043945,16278400
2016-09-07,51.23827283861139,51.56815113718843,51.18477768165863,51.40766906738281,17493400
2016-09-08,51.38094294671155,51.52359335238563,50.97973761792385,51.20262908935547,20146100
2016-09-09,50.63201989462575,51.2828624857459,50.11491012573242,50.11491012573242,35113900
2016-09-12,49.927679624267356,51.006473314181775,49.57996954248116,50.86382293701172,29303000
2016-09-13,50.37346926243337,50.50720549700291,49.97226395977846,50.40021514892578,30130200
2016-09-14,50.27538170973188,50.489358941980434,49.954417561885414,50.15947723388672,24062500
2016-09-15,50.06142534845787,51.1313016798969,49.90985738083653,50.988651275634766,26847000
2016-09-16,51.38093306974042,51.38093306974042,50.59635428882582,51.042137145996094,44607000
2016-09-19,51.059972251198104,51.48792341430748,50.68551285781894,50.756839752197266,20937100
2016-09-20,51.131299535921535,51.131299535921535,50.59636139263239,50.64985656738281,17384000
2016-09-21,51.27394617244,51.57707867167858,50.89057601854316,51.4968376159668,33707300
2016-09-22,51.63948250852718,51.710809395371136,51.380931046350725,51.55032730102539,19822200
2016-09-23,51.5949168546957,51.6305803063777,51.15805147527993,51.20262908935547,19955300
2016-09-26,50.89056937073332,50.94406113351789,50.66767795632272,50.73008728027344,21688700
2016-09-27,50.756839386982364,51.76430965597917,50.533947945234175,51.666236877441406,28065100
2016-09-28,51.60381983837954,51.7643019245532,51.41658847047496,51.737552642822266,20536400
2016-09-29,51.541418447511,51.86237926819615,51.00647694426206,51.17587661743164,25463500
2016-09-30,51.32743731423486,51.50575113526996,51.122377610413125,51.354183197021484,29910800
2016-10-03,51.184792350930614,51.30961101854006,50.87274568190701,51.19370651245117,19189500
2016-10-04,51.05997953125662,51.35419450988216,50.792510441309595,51.033233642578125,20085900
2016-10-05,51.077803956296705,51.67515139175802,51.051054670387764,51.38985061645508,16726400
2016-10-06,51.479000091552734,51.58598701302672,51.0688773239721,51.479000091552734,16212600
2016-10-07,51.57708646532829,51.692990985771175,51.193712852447554,51.532508850097656,20089000
2016-10-10,51.630585948410385,52.05853721219783,51.59492249283119,51.746490478515625,18196500
2016-10-11,51.61274806967681,51.728652585969144,50.72118219277501,50.988651275634766,26497400
2016-10-12,50.917327880859375,51.059978285420804,50.28431692318393,50.917327880859375,22177500
2016-10-13,50.55177883719447,51.08671692816974,50.21298289901496,50.747920989990234,25313700
2016-10-14,50.92623745313756,51.479010696913114,50.92623745313756,51.19370651245117,27402500
2016-10-17,51.14021860991315,51.22937383607762,50.70334983917792,51.01539993286133,23830000
2016-10-18,51.2917645945115,51.6662238910755,51.18477768165863,51.40766906738281,19149500
2016-10-19,51.23827917254597,51.56815751190167,51.17586984891255,51.291770935058594,22878400
2016-10-20,51.26502857458123,51.282860296994436,50.51611323849304,51.042137145996094,49455600
2016-10-21,53.74357324720337,53.89514116765932,53.03923900842894,53.19080352783203,80032200
2016-10-24,53.440448593465874,54.3855094909668,53.43153443263575,54.3855094909668,54067000
2016-10-25,54.25177248626763,54.715387066954065,54.207194880655216,54.37659454345703,35137200
2016-10-26,54.2161118294576,54.56382191077799,53.91297935324565,54.05562973022461,29911600
2016-10-27,54.037803642185224,54.233949206377254,53.574189018401825,53.58310317993164,28479900
2016-10-28,53.50285515049857,53.95755555350445,53.119485035704884,53.37803649902344,33574700
2016-10-31,53.63659614546827,53.868401747295835,53.4226188659668,53.4226188659668,26434700
2016-11-01,53.46719598894152,53.51177359362383,52.825267598146006,53.31562805175781,24533000
2016-11-02,53.33346603925432,53.43153882170854,52.86985141377756,52.985755920410156,22147000
2016-11-03,53.07489343247962,53.17296618221311,52.7004375528272,52.78959274291992,21600400
2016-11-04,52.290334523649534,52.85201851807655,52.17443001958609,52.34382629394531,28697000
2016-11-07,53.29779904222885,53.95755918868598,53.29779904222885,53.86840057373047,31664800
2016-11-08,53.98430643338262,54.189366151368944,53.62768216773169,53.91298294067383,22935400
2016-11-09,53.49394327240046,54.01996718395453,52.78069137564578,53.6455078125,49632500
2016-11-10,53.92189732770456,53.930814889988945,51.38093624521726,52.33491134643555,57822400
2016-11-11,51.91586724773313,52.70936012986921,51.71972171693885,52.62020492553711,38767800
2016-11-14,52.62020912169061,52.67370428918762,51.06888327481031,51.81779861450195,41328400
2016-11-15,52.35635764726325,53.397560544149584,52.34737984158384,52.8410530090332,35904100
2016-11-16,52.903881392347074,53.55014640880336,52.78719731639872,53.54117202758789,27332500
2016-11-17,54.22333785968863,54.708036620839756,53.82840003061889,54.42978286743164,32132700
2016-11-18,54.555446646117154,54.87857916479194,54.124604429227304,54.16948318481445,27686300
2016-11-21,54.30412955704633,54.72599744433612,54.23232080004807,54.627262115478516,19652600
2016-11-22,54.734952919303005,54.98627663391966,54.582364499436835,54.86061477661133,23206700
2016-11-23,54.76187781219824,54.842660921437535,54.079711997311016,54.214351654052734,21848900
2016-11-25,54.12460965265199,54.3310546875,53.97202118412386,54.3310546875,8409600
2016-11-28,54.16050174730341,54.77086233105392,54.043814258755155,54.40285110473633,20732600
2016-11-29,54.43876423250688,55.12093024078626,54.32207672518539,54.833702087402344,22366700
2016-11-30,54.627262378201934,54.91449055951637,54.05280601557305,54.088706970214844,34655400
2016-12-01,53.954054530965244,53.989958898886336,52.90387402546184,53.13724899291992,34542100
2016-12-02,53.029540475285,53.3795995101144,52.778213318358745,53.18212890625,25515700
2016-12-05,53.58604885109068,54.38490228763449,53.46038697442483,54.05279541015625,23552700
2016-12-06,54.24130142928253,54.26822800254308,53.67581942259981,53.81045913696289,19907000
2016-12-07,53.86429696486917,55.09399596251273,53.675804157590974,55.085018157958984,30809000
2016-12-08,55.022195814313534,55.27352302062689,54.6093057651248,54.76189422607422,21220800
2016-12-09,54.91447740248274,55.64152548825737,54.86959865191054,55.623573303222656,27349400
2016-12-12,55.488945838767826,55.919788102327644,55.39918831787076,55.8031005859375,20198100
2016-12-13,56.099301513056254,56.92508158779422,55.86592992533498,56.53014373779297,35718900
2016-12-14,56.5480962238514,56.95201188168484,56.1262283785554,56.260868072509766,30352700
2016-12-15,56.27881412014728,56.68272973391492,55.9197772581251,56.171104431152344,27669900
2016-12-16,56.50319939422564,56.50319939422564,55.75819926095693,55.91976547241211,42453100
2016-12-19,56.15315330290335,57.239234866126814,56.02748800200906,57.10459518432617,34338200
2016-12-20,57.167431222173626,57.26616654109751,56.575022732659946,57.03279495239258,26028400
2016-12-21,56.93405963346869,57.17640902791015,56.65580586414043,57.03279495239258,17096300
2016-12-22,57.30205719582892,57.53542872865639,56.916093818283294,57.04175567626953,22176600
2016-12-23,56.952000638117376,57.032783753735714,56.3685666448706,56.76350784301758,12403800
2016-12-27,56.73658083867768,57.50850766761683,56.73658083867768,56.79941177368164,11763200
2016-12-28,56.90713482908439,56.90713482908439,56.395509455185014,56.53912353515625,14653300
2016-12-29,56.422439127884715,56.72761949260941,56.30575161148205,56.458343505859375,10250600
2016-12-30,56.51217978788234,56.539109775343505,55.677422081193605,55.77615737915039,25579900
2017-01-03,56.35959724290081,56.40447599464626,55.76718881738471,56.171104431152344,20694100
2017-01-04,56.08133168386728,56.32368100105005,55.75819926095693,55.91976547241211,21340000
2017-01-05,55.8210301849641,56.242897895322464,55.67741615522934,55.91976547241211,24876000
2017-01-06,55.919781209696346,56.682733739400206,55.68640962971122,56.40447998046875,19922900
2017-01-09,56.33267766544752,56.61990926257618,56.13521043646083,56.22496795654297,20382700
2017-01-10,56.30574367531522,56.610923997025445,55.90182804010618,56.207008361816406,18593000
2017-01-11,56.198039610490504,56.754543750290196,56.03647334022127,56.7186393737793,21517300
2017-01-12,56.60195952919384,56.907139904353976,55.60563526252311,56.19804382324219,20968200
2017-01-13,56.20701128827499,56.43140849462681,55.964661894531474,56.2788200378418,19422300
2017-01-17,56.26086037866698,56.27881256367453,55.67742635002397,56.126220703125,20664000
2017-01-18,56.25188118788694,56.27881117674918,55.75820809644764,56.09929275512695,19670100
2017-01-19,55.86591235127942,56.530125954791984,55.83000798783859,55.91976547241211,18451700
2017-01-20,56.251889601115614,56.38652929347674,55.982613640422976,56.31472396850586,30213500
2017-01-23,56.278823982766916,56.655809672328964,56.16213646855634,56.5121955871582,23097600
2017-01-24,56.72760724394713,57.212305969858704,56.49423226153229,57.014835357666016,24672900
2017-01-25,57.40081577382663,57.53545206598165,56.95202128524946,57.15846633911133,23672700
2017-01-26,57.55338978725754,57.930375396924134,57.041761079235634,57.68802261352539,43554600
2017-01-27,58.69331791698386,59.16006782318697,58.244523617665706,59.04337692260742,44818000
2017-01-30,58.96260766896334,59.05236517509764,58.16375422266814,58.45995330810547,31651400
2017-01-31,58.21761041141841,58.47791198650707,57.67905849829598,58.029117584228516,25270500
2017-02-01,57.76881320625543,58.00218820157371,56.9699597568039,57.068695068359375,39671500
2017-02-02,56.77248852269458,56.91610258594892,56.32369414702111,56.700679779052734,45827000
2017-02-03,56.99690004930113,57.17641852953804,56.61093651520234,57.15846633911133,30301800
2017-02-06,56.996885273278345,57.13152495455924,56.673752777427666,57.1225471496582,19796400
2017-02-07,57.21230524331626,57.24820618905331,56.754533088869984,56.934051513671875,20277200
2017-02-08,57.05972414280806,57.27514697799554,56.7455694081907,56.85327911376953,18096400
2017-02-09,57.01485061939976,57.8406342354092,56.835332144264655,57.49954605102539,22644400
2017-02-10,57.67008355259895,57.71496573427612,57.42773415246711,57.44568634033203,18170700
2017-02-13,57.66108109818254,58.2175884120149,57.56234581914686,58.09192657470703,22920100
2017-02-14,58.16419637947776,58.44413362291891,57.812008154741875,58.308677673339844,23108400
2017-02-15,58.24546267969217,58.30867453414913,57.93843564077991,58.272552490234375,17005200
2017-02-16,58.46218325284144,58.91369843033544,58.19127828008995,58.26351547241211,20546300
2017-02-17,58.2183762946166,58.41704410304928,58.064862766128,58.35383224487305,21248800
2017-02-21,58.34478961123612,58.651816613486936,58.200301452830146,58.23642349243164,20655900
2017-02-22,58.09194781825742,58.14612743809023,57.83910040627059,58.11903762817383,19292700
2017-02-23,58.173222014672504,58.453166149089384,57.96552886191166,58.35383224487305,20273100
2017-02-24,58.27255591888885,58.51637800726562,57.92037458196757,58.35383224487305,21796800
2017-02-27,58.281577513563086,58.281577513563086,57.839094587104164,58.00164031982422,15871500
2017-02-28,57.86619164557596,57.97455088791824,57.577218738583106,57.77588653564453,23239800
2017-03-01,57.91135133249921,58.68795821890569,57.81201741287209,58.6428108215332,26937500
2017-03-02,58.4170394704589,58.4712190904346,57.68558359769826,57.802978515625,24539600
2017-03-03,57.78490892573054,58.04678508795342,57.45078524308173,58.01969528198242,18135900
2017-03-06,57.76684530704843,58.29962983936484,57.62236060706041,58.037750244140625,18750300
2017-03-07,57.965515835275745,58.49830039308865,57.965515835275745,58.1551513671875,18521000
2017-03-08,58.02874172891854,58.769226461674535,58.01970949485753,58.687950134277344,21510900
2017-03-09,58.868556320735834,58.87758166460046,58.22740553799861,58.453163146972656,19846800
2017-03-10,58.79630045170062,58.93175636785964,58.4712090087486,58.63375473022461,19538200
2017-03-13,58.70599712118262,58.8685428379989,58.30866161572641,58.43508529663086,20100000
2017-03-14,58.272551439922786,58.290615906342275,57.929402363280744,58.16419219970703,14280200
2017-03-15,58.290607180030165,58.62472397344399,58.01969534089667,58.47121047973633,24833800
2017-03-16,58.47120964322902,58.480241874957386,58.06484877991655,58.37187576293945,20674300
2017-03-17,58.61571952387579,58.913714385649435,58.40801945456522,58.57959747314453,49219700
2017-03-20,58.61569715653798,58.859512293964954,58.44411920343161,58.63375473022461,14598100
2017-03-21,58.86855437226884,59.14849159346697,57.91133745699012,57.98358154296875,26640500
2017-03-22,57.90230229633403,58.82339012288165,57.90230229633403,58.724056243896484,20680000
2017-03-23,58.642809339530054,58.913714385649435,58.48928890152802,58.57959747314453,19269200
2017-03-24,59.022058320168114,59.10332773653867,58.48024154230875,58.67890930175781,22617100
2017-03-27,58.36282911158903,58.89562041874017,58.109981802258645,58.787254333496094,18614700
2017-03-28,58.660856790101086,59.1214042454229,58.38091955724642,58.958858489990234,20080400
2017-03-29,58.80533208826335,59.14848110142958,58.651811710397126,59.12139129638672,13618400
2017-03-30,59.07625508753226,59.58195686469375,59.022075460884146,59.338134765625,15122800
2017-03-31,59.28395146504037,59.77158874338195,59.10334123811254,59.47358703613281,21040300
2017-04-03,59.428443740117416,59.5458421317111,58.86856915710866,59.193660736083984,20400900
2017-04-04,59.04914443204607,59.428415463866465,58.94981055853496,59.356178283691406,12997400
2017-04-05,59.87091465237923,59.91606203590174,59.09430800421426,59.202667236328125,21448600
2017-04-06,59.23877994795627,59.65417301465103,59.130420732906835,59.356178283691406,18103500
2017-04-07,59.46454866611548,59.563882558281385,59.094309795876676,59.31103515625,14108500
2017-04-10,59.24782315417621,59.43745870521463,59.02206556157215,59.17557907104492,17952700
2017-04-11,59.23879136483937,59.24782359769214,58.56151858195727,59.13043212890625,18791500
2017-04-12,59.076257094193295,59.157533426502326,58.79631982756784,58.904685974121094,17108500
2017-04-13,58.95885121731055,59.47357823109225,58.651817321777344,58.651817321777344,17896500
2017-04-17,58.73309655828474,59.13945747218399,58.706006749301466,59.13043212890625,16689300
2017-04-18,58.99496132586415,59.338110302459945,58.841447853932344,59.04914093017578,15155600
2017-04-19,59.283938461569434,59.374240110438535,58.59763352893074,58.733089447021484,26992800
2017-04-20,59.112365050824764,59.3742446753815,58.82339561848194,59.14848709106445,22299500
2017-04-21,59.30201211135393,60.23213243703756,59.10334429624169,59.96122741699219,32522600
2017-04-24,60.93649247724756,61.09903821963925,60.593336526879014,60.98163986206055,29770000
2017-04-25,61.31576658082079,61.44219028780509,61.044854700382835,61.333824157714844,30242700
2017-04-26,61.47832494140631,61.68601812137817,61.06293169188587,61.252567291259766,26190800
2017-04-27,61.54153545399805,61.74922862940082,61.02680829857059,61.64989471435547,34971000
2017-04-28,62.22782086048756,62.435513969925715,61.12612279958273,61.82145309448242,39548800
2017-05-01,62.02012139619929,62.80576023892333,61.85757566631068,62.67933654785156,31954400
2017-05-02,62.95025217904509,62.95025217904509,62.42649286174891,62.580013275146484,23906100
2017-05-03,62.652245005907325,62.652245005907325,62.047216307492334,62.38134002685547,28928000
2017-05-04,62.33617997366446,62.38133424410814,61.983998710841725,62.13751220703125,21749400
2017-05-05,62.21879562840331,62.33618709957227,61.84854985924903,62.30909729003906,19128800
2017-05-08,62.281995505008005,62.35423957625568,61.78532612714756,62.254905700683594,18566100
2017-05-09,62.182672913430515,62.56194402194456,62.020127168413765,62.345218658447266,22858400
2017-05-10,62.30008076911101,62.81480794878188,62.23686890106641,62.58905029296875,17977800
2017-05-11,61.73115144300608,62.06527513200038,61.51442610154797,61.82145309448242,28789400
2017-05-12,61.956910361186445,61.956910361186445,61.4421833580679,61.749210357666016,18714100
2017-05-15,61.53248531026046,61.83951920092384,61.01775830464278,61.79436492919922,31530300
2017-05-16,61.96693973822797,63.06586889932713,61.90336555300956,63.03862380981445,34956000
2017-05-17,62.56634950982018,62.75707205637652,61.24036876061931,61.28578186035156,30548800
2017-05-18,61.213121431875756,61.87610831767637,60.97698579423023,61.49466323852539,25201300
2017-05-19,61.30393620500923,61.848858696574005,61.240362029811095,61.476497650146484,26961100
2017-05-22,61.658139360194305,62.21214588517588,61.30393937590324,62.16673278808594,16237600
2017-05-23,62.41193180202193,62.439176879646524,62.10313808779503,62.37560272216797,15425800
2017-05-24,62.548189329436504,62.55726640626092,62.16673730175635,62.45736312866211,14593900
2017-05-25,62.63899264618148,63.46545681600041,62.58450248284921,63.22932815551758,21854100
2017-05-26,63.392822263704716,63.77426736558084,63.13851860005429,63.53813171386719,19827900
2017-05-30,63.383728813409604,63.94681930541992,63.365560804179914,63.94681930541992,17072800
2017-05-31,64.05579517667327,64.24651768589041,63.40188547132031,63.42913055419922,30436400
2017-06-01,63.79243922128352,64.12847820819837,63.07495506807669,63.66529083251953,21603600
2017-06-02,63.97409504819106,65.26374715892075,63.79244951417155,65.17292785644531,34770300
2017-06-05,65.36361509632428,66.19916331341902,65.21829874775221,65.64515686035156,33316800
2017-06-06,65.663329063655,65.9539548503022,65.63607704975796,65.86312866210938,31511100
2017-06-07,65.97210008075166,66.09016439634601,65.34543556391657,65.74504852294922,22301800
2017-06-08,65.8540516791271,65.86312875470688,64.93676122379946,65.34545135498047,24588300
2017-06-09,65.42719809983483,65.4635271918826,62.293881469105536,63.865081787109375,49187400
2017-06-12,62.89331963566524,63.51998453236925,61.876125545649266,63.37466812133789,47761700
2017-06-13,63.59261279246888,64.31918072652012,63.5381226225879,64.16478729248047,25258600
2017-06-14,64.4009225024631,64.57347701568159,63.05677391170233,63.819664001464844,25510700
2017-06-15,62.911464206537964,63.765180574553796,62.48461295159608,63.483638763427734,26068700
2017-06-16,63.32925395396264,63.601711796688114,62.86606661354225,63.574466705322266,48345100
2017-06-19,64.0285546254185,64.42816768009789,63.8923222723173,64.36459350585938,23798300
2017-06-20,64.31919362185387,64.36460672523644,63.45640009011901,63.49272918701172,21512200
2017-06-21,63.76517383192904,64.13754180126453,63.5199611399526,63.819664001464844,19891100
2017-06-22,64.06489703057068,64.11030320499843,63.31108385858929,63.81060028076172,22965700
2017-06-23,63.656206839495425,64.70972997985673,63.50181335725653,64.67340087890625,27617300
2017-06-26,64.84595124058109,65.12749306326556,63.97407375469402,64.0558090209961,19607000
2017-06-27,63.67433966421583,63.73791382347736,62.829707588847626,62.85695266723633,25215100
2017-06-28,62.85699190834535,63.42915969889886,62.47554671464301,63.39283752441406,25806200
2017-06-29,63.01136336659586,63.11126663416291,61.8397761707268,62.203060150146484,28918700
2017-06-30,62.46643641349315,63.01135887928359,62.43010732523177,62.60266876220703,24161100
2017-07-03,62.96596033889699,63.21117305301724,61.77620507375762,61.912437438964844,16165500
2017-07-05,61.99418157482439,63.065865590178205,61.95785248102489,62.73891067504883,21176300
2017-07-06,62.00325776857868,62.466445046594096,61.86703233010301,62.27572250366211,21117600
2017-07-07,62.39377609741132,63.42913082562911,62.39377609741132,63.084014892578125,16878300
2017-07-10,63.08404494858358,63.80152916858683,62.84790923500916,63.55631637573242,15014500
2017-07-11,63.57445265714738,64.19203333155086,63.34740104051472,63.56536865234375,17460000
2017-07-12,64.20111472883207,64.73695319637072,64.07396638300713,64.61888885498047,17750900
2017-07-13,64.93678641850777,65.4272189236462,64.76422490862535,65.18199920654297,20269800
2017-07-14,65.60885644328471,66.54430832653483,65.35455965122463,66.09928894042969,25868100
2017-07-17,66.11746424578462,66.70779317997751,66.04480603173764,66.61697387695312,21803900
2017-07-18,66.38080375779037,66.65326845478407,65.99028164999919,66.571533203125,26435300
2017-07-19,66.75317664186407,67.24360897521055,66.70776354599168,67.08013153076172,22416200
2017-07-20,67.37074489043184,67.47973214296445,66.55335781909805,67.40707397460938,42361000
2017-07-21,66.7077543911286,67.47065133687957,66.45345771889983,67.01654815673828,46717100
2017-07-24,66.78044283193566,66.98024943041283,66.41715873734698,66.8440170288086,21394800
2017-07-25,67.0256219053524,67.48880208930197,66.7531572673297,67.37982177734375,22018700
2017-07-26,67.51603632299691,67.55236539750241,67.03468821165845,67.2526626586914,16252200
2017-07-27,66.98928876906697,67.58870123573577,65.6814696722432,66.44436645507812,36844200
2017-07-28,65.99934936218271,66.58060083284866,65.88128503906947,66.33538818359375,18306700
2017-07-31,66.57154847652923,66.69869684988039,65.76324513348263,66.02661895751953,23600100
2017-08-01,66.3899127819234,66.68053866801208,65.83590610390004,65.91764831542969,22132300
2017-08-02,65.89037193886354,65.89944901322693,64.88226235937458,65.62699127197266,26499200
2017-08-03,65.56344396769501,65.79049564296304,65.25465008621553,65.52711486816406,18214400
2017-08-04,65.75416423979479,66.33541595379192,65.608847846762,66.00846099853516,22579000
2017-08-07,66.117449710717,66.20826899377595,65.62701726731811,65.75416564941406,18705700
2017-08-08,65.4725661668911,66.41710122327176,65.1637794577795,66.10831451416016,22044600
2017-08-09,65.61791199045605,65.85404759312043,65.43627348321569,65.81771850585938,22213400
2017-08-10,65.30004546770667,65.563426171013,64.80052914607995,64.85502624511719,24734500
2017-08-11,65.03665240768922,66.02659392910849,64.73694267165686,65.84495544433594,21443700
2017-08-14,66.35355923483665,66.95297880166406,66.25365597369876,66.83490753173828,20096600
2017-08-15,67.19100224427083,67.19100224427083,66.68883149420486,66.85317993164062,19181400
2017-08-16,66.96273979083148,67.65665617793367,66.80752375973766,67.24578857421875,18150400
2017-08-17,67.1818783468911,67.44666233360775,66.10448455810547,66.10448455810547,22977500
2017-08-18,65.98577444649273,66.50620993901117,65.67534241789464,66.1866455078125,18761500
2017-08-21,66.168402587776,66.17753499243568,65.4653537146383,65.87622833251953,17734800
2017-08-22,66.0588143216871,66.87142393698971,66.0588143216871,66.79838562011719,14343700
2017-08-23,66.61578878751808,66.78926963544377,66.22317900314853,66.39665985107422,13766500
2017-08-24,66.41493368300428,66.5245016605969,65.80319481491173,66.3692855834961,17098300
2017-08-25,66.52448346463746,66.97187372696216,66.17752874613832,66.48796081542969,12794300
2017-08-28,66.70708972609083,66.73447997149324,66.24144162228362,66.4970932006836,14569700
2017-08-29,65.96753598765929,66.79841071885792,65.78492967789336,66.6979751586914,11478400
2017-08-30,66.6614479892364,67.75709970560298,66.49709953518304,67.57449340820312,16897800
2017-08-31,67.59274289419436,68.44187530748367,67.38274637474746,68.26839447021484,27652800
2017-09-01,68.21363160186421,68.24102185356463,67.23667315063574,67.51058959960938,21736200
2017-09-05,66.96274812628957,67.46492589643654,66.63405818199237,67.20927429199219,21556000
2017-09-06,67.3279644344546,67.60188083510725,66.97187729319623,67.01753234863281,16535800
2017-09-07,67.27322490797654,68.11322549806933,67.20017956118907,67.8758316040039,17471200
2017-09-08,67.86665305771344,67.96708858946324,67.41925588319802,67.54708862304688,14703800
2017-09-11,67.84841030987003,68.42363344525744,67.84841030987003,68.25928497314453,17910400
2017-09-12,68.25927118974352,68.69752904955875,67.90318406639997,68.18622589111328,14394900
2017-09-13,68.41446872914987,68.68838504196907,68.06751410342929,68.67012023925781,13380800
2017-09-14,68.47839795564462,68.92578820514629,68.04013314369604,68.26839447021484,15733900
2017-09-15,68.3231937990626,68.83449703020756,67.62927729537721,68.7614517211914,38578400
2017-09-18,68.68840936011537,69.3640610140313,68.51492850284606,68.62449645996094,23307000
2017-09-19,68.67013872010467,69.12666138701083,68.48753243973545,68.88014221191406,16093300
2017-09-20,68.7979517677796,68.98056498031086,67.8483839605623,68.4236068725586,21587900
2017-09-21,68.57884527612048,68.69753867854394,67.66579981321485,67.7571029663086,19186100
2017-09-22,67.55624332947092,68.03103095181166,67.42841750022193,67.93972778320312,14111400
2017-09-25,67.64755502520256,67.79364568617946,66.57929318925702,66.88973236083984,24149200
2017-09-26,67.26407748911741,67.39190333447912,66.64320611193787,66.88973236083984,18019600
2017-09-27,67.15447350837101,67.72055704263258,66.80751189345544,67.42838287353516,19565100
2017-09-28,67.14534866843972,67.53795840544161,66.93534519544606,67.4466552734375,10883800
2017-09-29,67.51056279041806,68.05838850483302,67.45577534278924,68.01273345947266,17079100
2017-10-02,68.21362523499387,68.48754165840091,67.83928022005387,68.12232208251953,15304800
2017-10-03,68.17709460493536,68.36883329249564,67.73883673793564,67.80274963378906,12190400
2017-10-04,67.6475255027727,68.22274852185029,67.30057078334819,68.19535827636719,13317700
2017-10-05,68.67926785112068,69.50101000558959,68.44187412516683,69.36405181884766,21195300
2017-10-06,69.09014232696255,69.41883922148938,68.97144893515475,69.39144897460938,13959800
2017-10-09,69.36407568521292,69.89364380763486,69.26364011144376,69.65625,11386500
2017-10-10,69.69277266009654,69.96668216184277,69.51929176613432,69.65625,13944500
2017-10-11,69.72014473906152,69.81144788250941,69.34579279514685,69.7749252319336,15388900
2017-10-12,69.83882431589123,70.56926325097133,69.72926335181658,70.41404724121094,16876500
2017-10-13,70.84319524438251,71.09885382946891,70.56928578076621,70.75189208984375,15335700
2017-10-16,70.68797622031106,71.04406338426637,70.6240633182161,70.89797973632812,12380100
2017-10-17,70.73361682334263,70.8705750044095,70.53274575324222,70.84317779541016,16824000
2017-10-18,70.91623068721684,71.08057912891307,70.64232126171193,70.8614501953125,13300700
2017-10-19,70.82493689416627,71.15363382094623,70.62406577602472,71.1353759765625,15092800
2017-10-20,71.50972481919422,72.10320580015404,71.4184216604276,71.95711517333984,22866400
2017-10-23,72.12144066995626,72.44100510682881,71.91144416828955,71.97535705566406,20627200
2017-10-24,72.03928449326564,72.31319393763006,71.63754228235074,72.00276184082031,17517200
2017-10-25,71.74710703792131,72.22188756655578,71.22667145427165,71.79275512695312,20410800
2017-10-26,72.31316544553037,72.51403647184266,71.90229795787772,71.91143035888672,32120700
2017-10-27,77.03364906896459,78.70451699049775,76.3397325589712,76.5223388671875,71066700
2017-10-30,76.42189421268722,76.99711725047952,75.88320079137166,76.59537506103516,31756700
2017-10-31,77.02449136123494,77.02449136123494,75.88318489484156,75.94709777832031,27086600
2017-11-01,76.40362036487767,76.4766656505625,75.67318143999317,75.94709777832031,22307400
2017-11-02,76.10231923162051,77.11580000357873,75.8923227277271,76.741455078125,23992900
2017-11-03,76.76884317356607,77.18884313558821,76.1479721501459,76.82362365722656,17633500
2017-11-06,76.87841282854848,77.33493548659445,76.76885184884652,77.12493896484375,19860900
2017-11-07,77.39885208664674,77.51755244165223,76.63189732807251,76.94232940673828,17939700
2017-11-08,76.8236377852299,77.25277022877441,76.54059594628924,77.20711517333984,18034200
2017-11-09,76.79624942815728,76.94233307037251,75.69146532609217,76.77798461914062,21178400
2017-11-10,76.50406499614921,76.78710680438613,75.99276186746764,76.57711029052734,19397800
2017-11-13,76.38537779168168,76.64102937668737,76.20276454097528,76.63189697265625,14196900
2017-11-14,76.23927741058449,76.7871031604581,75.76449695162268,76.741455078125,18801300
2017-11-15,76.59465673777687,76.79653666751464,75.87890571486552,76.14501953125,19383100
2017-11-16,76.25510875377925,76.54875029382809,76.10829148423811,76.34687042236328,20962800
2017-11-17,76.27348068810495,76.27348068810495,75.46596103920315,75.61278533935547,22079000
2017-11-20,75.61275858373084,75.78710362725964,75.47511260128616,75.73204803466797,16315000
2017-11-21,75.9247771882623,76.93416975789448,75.9247771882623,76.82405853271484,21237500
2017-11-22,76.92497740037932,76.98921126444672,76.20004836249508,76.2642822265625,20553100
2017-11-24,76.17251648805387,76.5579196518369,75.9614583740018,76.40192413330078,7425600
2017-11-27,76.44781483416035,77.06263275170109,76.43864356744156,76.9616928100586,18265200
2017-11-28,77.14520261035865,78.05365492463915,77.09931828095465,77.88848114013672,21926000
2017-11-29,77.73249841928157,77.92520003276574,76.32852452034905,76.475341796875,27381100
2017-11-30,76.63133641455171,77.55813831672309,76.4753338856121,77.23696899414062,33054600
2017-12-01,76.71394033553617,77.82427286264766,76.36524312072224,77.319580078125,29532100
2017-12-04,77.46637998445522,77.47555825148545,74.05279274972304,74.40149688720703,39094900
2017-12-05,74.640083883382,75.86971276247303,74.30974324524819,74.86949157714844,26152300
2017-12-06,74.83279718368534,76.29182684675789,74.7226789634474,75.96147918701172,26162100
2017-12-07,75.74125024807269,75.97983622634787,75.24572875517856,75.69536590576172,23184500
2017-12-08,76.74143317644226,77.61318631773561,76.46614823784817,77.227783203125,24489100
2017-12-11,77.34708833968068,78.33813112205435,77.19109280939027,78.20966339111328,22857900
2017-12-12,78.2830737999155,78.96212556748726,78.07202265669821,78.53083801269531,23924100
2017-12-13,78.67766151772302,78.91624748200924,78.15461225049724,78.31978607177734,22062700
2017-12-14,78.39319426124023,78.79695402644404,77.5673251964901,77.71414947509766,19306000
2017-12-15,78.23718353801863,79.91644214277481,77.88847944445737,79.69621276855469,53936700
2017-12-18,79.94399781658527,80.29269500023803,79.12730696466024,79.26494598388672,22283800
2017-12-19,79.2374034946015,79.2374034946015,78.24636073404099,78.76023864746094,23524800
2017-12-20,79.09976584660093,79.19153452005072,77.73249802399448,78.47577667236328,23674900
2017-12-21,78.96215839791847,79.00803575201276,78.36569678693553,78.45745849609375,17990700
2017-12-22,78.36567381875078,78.57672498786079,77.92520794252987,78.46661376953125,14145800
2017-12-26,78.2830864619419,78.48496637138871,78.02615094117975,78.36567687988281,9891200
2017-12-27,78.59506037244934,78.89788014329226,78.20047894403861,78.65011596679688,14678000
2017-12-28,78.82449084845268,78.85201865359991,78.50332145345543,78.65931701660156,10594300
2017-12-29,78.5767164003272,78.96212662526243,78.45742692651798,78.49413299560547,18717400
2018-01-02,79.03554279097794,79.20071662443635,78.4574378743574,78.87036895751953,22483800
2018-01-03,78.97129774934433,79.38423577510852,78.88871434477157,79.23741149902344,26061400
2018-01-04,79.45764254699763,80.43951416134298,79.43929301259287,79.934814453125,21912000
2018-01-05,80.43952953692622,81.12775272460983,80.22847134561052,80.92587280273438,23407100
2018-01-08,80.93503359566263,81.2837377795754,80.38445651697141,81.0084457397461,22113000
2018-01-09,81.3479505615478,81.4213626865952,80.62302157887729,80.953369140625,19484300
2018-01-10,80.62300976808399,80.92582948881903,80.21007887687405,80.5863037109375,18652200
2018-01-11,80.87076745774336,80.87076745774336,80.05407693328063,80.82489013671875,17808900
2018-01-12,81.36632200228588,82.3848927584566,81.16444210452701,82.21971893310547,24271500
2018-01-16,82.67853146937172,83.31169894475336,80.76068650911022,81.07267761230469,36599700
2018-01-17,81.7425314432499,82.84368530783475,81.43971168015113,82.71521759033203,25621200
2018-01-18,82.40323520809052,83.2015693933374,82.27476747710904,82.67852020263672,24159700
2018-01-19,82.71522921015922,83.14651675134795,82.2747704028359,82.58676147460938,36875000
2018-01-22,82.58678446631632,84.07334910705866,82.34819846203135,84.06417083740234,23601600
2018-01-23,84.33026123046875,84.69731490413442,83.99991362426631,84.33026123046875,23412800
2018-01-24,84.92674007260527,85.73425272026924,84.03663700589122,84.25686645507812,33277500
2018-01-25,84.85330598573,85.55987849464731,84.35778460243885,84.72483825683594,26383200
2018-01-26,85.44977925470117,86.31234741210938,84.95425780207921,86.31234741210938,29172200
2018-01-29,87.30338664258788,87.58784992711374,86.0003526929294,86.18387603759766,31569900
2018-01-30,85.614952201968,85.94529983369134,84.51379109590118,85.10107421875,38635100
2018-01-31,86.02787308609685,87.54196505260539,85.80764369126697,87.18408966064453,48756300
2018-02-01,86.98220030806556,88.15676628696136,85.87186818736045,86.49585723876953,47227900
2018-02-02,85.92693209077241,86.22975188051711,83.96320309219081,84.22013854980469,47867800
2018-02-05,83.10063538287068,85.55988598126316,80.75150299072266,80.75150299072266,51031500
2018-02-06,79.73292305592652,83.9448511917385,78.22800941724392,83.80720520019531,67998600
2018-02-07,83.0363865707941,84.21095255551046,81.85264232030059,82.22887420654297,41107600
2018-02-08,82.32068340823126,82.47667901171519,77.77841235922301,78.00782012939453,55628700
2018-02-09,79.19154356863369,81.6049101354289,76.92499429439347,80.91668701171875,63499100
2018-02-12,81.43055381455956,82.38489067006692,80.68727511980471,81.7884292602539,35720300
2018-02-13,81.60489425668148,82.58675877541722,80.56797413907132,82.4307632446289,26407700
2018-02-14,81.60102070245334,83.88743102694336,81.50882798569789,83.72148132324219,34960900
2018-02-15,84.09025172544453,85.48238483602577,83.54630982139555,85.42707061767578,27823900
2018-02-16,85.23348197294779,86.20152328325355,84.63422567346362,84.81861114501953,30596900
2018-02-20,84.33920126463128,85.795863311864,83.90588768687769,85.48240661621094,30911700
2018-02-21,85.72208596551545,86.07242104884631,84.348388671875,84.348388671875,26922500
2018-02-22,84.8647078534084,85.49162828063015,84.22856604279755,84.56968688964844,24392800
2018-02-23,86.2936889880762,86.72700244774025,85.15048394805056,86.71778106689453,26329200
2018-02-26,87.03127201041426,87.99930628728168,86.89297938976037,87.97164916992188,30199800
2018-02-27,88.26665315968538,88.35884587776235,86.84686279296875,86.84686279296875,25869100
2018-02-28,87.43693187380701,88.23902354209324,86.32138345961822,86.45045471191406,31167300
2018-03-01,86.65326939826944,87.18799709334523,84.67109400021585,85.60225677490234,37135600
2018-03-02,84.43140411264103,85.87885198379271,83.76760510836796,85.78665924072266,32830400
2018-03-05,85.13204012987636,86.91138678297426,85.05829018558384,86.33056640625,23901600
2018-03-06,86.97596847674431,87.11426112559687,85.68525584440394,86.03559112548828,22175800
2018-03-07,85.8880530360809,86.60716610919015,85.21503280666747,86.53340911865234,26716100
2018-03-08,86.91141543843254,87.676628512817,86.4504447238185,87.05892944335938,25887800
2018-03-09,87.8517697721956,89.00419616699219,87.5844060045405,89.00419616699219,36937300
2018-03-12,88.96731131123808,89.62188861257458,88.54321927236592,89.21623229980469,26073700
2018-03-13,89.4283139984232,89.64957796048643,86.63483273811599,87.04048919677734,35387800
2018-03-14,87.6950390455673,87.9624028058289,86.20149194702559,86.524169921875,32132000
2018-03-15,86.22917451275525,87.19721575696182,85.58381837252045,86.82843780517578,27611000
2018-03-16,87.2894018279276,87.93475791893404,86.58872447636789,87.21564483642578,49081300
2018-03-19,86.42277066372084,86.5702846397285,84.92000896087382,85.63912200927734,33344100
2018-03-20,85.78664737492531,86.45043925352891,85.740547492839,85.86039733886719,23075200
2018-03-21,85.67598670931511,86.70856327356175,85.01218799186029,85.26111602783203,24457100
2018-03-22,84.14555863169844,84.58809344160123,82.66123997542034,82.78108978271484,38604700
2018-03-23,82.51374323665729,83.39880600720033,80.28264706296417,80.37483978271484,44068900
2018-03-26,83.53711821191116,86.66249927188012,83.3435113448345,86.45967102050781,56396800
2018-03-27,87.529087508015,87.71347290862451,81.6010061417264,82.48606872558594,56569000
2018-03-28,82.8087809922076,84.1087218166402,81.93293942576874,82.41234588623047,52501100
2018-03-29,83.14065633240378,85.08595279517539,81.49960214876207,84.14556884765625,45867500
2018-04-02,83.40801899881662,83.78601122192596,80.67907397236648,81.6102294921875,48515400
2018-04-03,82.58749423158427,83.02080772020045,81.02941135562908,82.70734405517578,37213800
2018-04-04,80.99253355350578,85.51926825195174,80.88190511043382,85.12283325195312,35560000
2018-04-05,85.22423604297309,85.80505639361891,84.26541647169505,85.16891479492188,29771900
2018-04-06,84.34840856549421,85.24269276249161,82.495311594944,83.186767578125,38026000
2018-04-09,83.93354420078613,85.8972768108417,83.54633050875059,83.68461608886719,31533900
2018-04-10,85.17815643163873,85.99868362869844,84.4867004543061,85.6299057006836,26812000
2018-04-11,84.82781438055862,86.00789802729926,84.33918665500383,84.68952178955078,24872100
2018-04-12,85.21504972403666,86.8100115502522,85.21504972403666,86.27528381347656,26758900
2018-04-13,86.70857704218815,86.82842687203943,85.22425107269495,85.81429290771484,23346100
2018-04-16,86.72700589783175,87.27095484772526,86.12774272836879,86.81919860839844,20288100
2018-04-17,87.58442305870345,89.00421349761227,87.47378757107349,88.5708999633789,26771000
2018-04-18,88.70918200661627,89.17015259943066,88.06381895636432,88.9120101928711,21043300
2018-04-19,88.91199981222073,89.49282015916783,87.89785899934958,88.60775756835938,23552500
2018-04-20,88.42339687150854,88.60778232508241,86.70858542462567,87.58442687988281,31154400
2018-04-23,88.26664572732015,88.77371618482664,87.24329046497283,87.90708923339844,22331800
2018-04-24,88.7276335401405,88.93968314550202,85.19660351594204,85.85118103027344,34524800
2018-04-25,86.0171044683864,86.0171044683864,83.2328385037311,85.10437774658203,33729300
2018-04-26,86.24762123811647,87.72272607912018,85.83274338561702,86.9021987915039,42529000
2018-04-27,89.98149367269932,90.25807895062525,86.57953414380275,88.34043884277344,48272800
2018-04-30,88.81062338427384,88.87515900574046,85.87884923191628,86.21996307373047,41523600
2018-05-01,85.9341510451362,87.85179071126285,85.54693737231857,87.58442687988281,31408900
2018-05-02,87.57518516852586,87.7411348517627,85.91569537001006,86.2107162475586,27471000
2018-05-03,85.70364975026725,87.51987496852826,85.2334577872094,86.72700500488281,31142500
2018-05-04,86.03555801937226,87.92554041410197,85.66678010895505,87.73193359375,22531300
2018-05-07,87.74114167281142,89.16093195446801,87.67660607063854,88.70918273925781,24242000
2018-05-08,88.36806287938047,88.65386943526143,87.63972848512446,88.33118438720703,23484600
2018-05-09,88.51560287597177,89.40066584682667,87.63053990511686,89.37300872802734,27327400
2018-05-10,89.85241794118755,90.30416730768968,89.474425582971,90.26729583740234,22388100
2018-05-11,90.16586156088083,90.23039717024562,89.46518420645309,90.07366180419922,16778300
2018-05-14,90.27648507020974,90.98638376819464,89.71410034775286,90.37789916992188,19454100
2018-05-15,89.64955539785329,90.21194006169348,88.81980695662574,89.72331237792969,24594000
2018-05-16,90.14924943772064,90.18628777470714,89.46405786432159,89.95480346679688,17384700
2018-05-17,89.5937012499391,90.31593126301054,88.73257921950591,89.05665588378906,17246700
2018-05-18,88.89923575909921,89.75109631840802,88.89923575909921,89.22331237792969,17865800
2018-05-21,89.81592944123204,90.75112821033689,89.63074478358482,90.37149047851562,19422500
2018-05-22,90.44556152431043,90.89926885227815,90.00110848360838,90.27889251708984,15441200
2018-05-23,89.54739203298557,91.41778926395203,89.18627706485317,91.35297393798828,21251200
2018-05-24,91.41779920891427,91.61224520795848,89.63999409816162,91.02890014648438,26649300
2018-05-25,91.01965658339986,91.64929434873257,90.61224183396627,91.07521057128906,18363900
2018-05-29,90.59369157050153,91.5566670989239,90.0288763819753,90.75110626220703,28671000
2018-05-30,91.02889876807987,91.89928213910495,90.65852947894196,91.62149810791016,22158500
2018-05-31,91.93633707169249,92.58449050899078,91.30669927645587,91.51966094970703,34140900
2018-06-01,91.92705846141507,93.39004116164045,91.82520478833982,93.32522583007812,28655600
2018-06-04,93.76043733602422,94.31599844749701,93.38079955350642,94.14006805419922,27281600
2018-06-05,94.44562113528134,94.75118219321998,94.01042939779461,94.62155151367188,23514400
2018-06-06,94.89004533610479,95.0011532765522,94.35300007614208,94.89929962158203,21122900
2018-06-07,95.04745932243966,95.08449765984764,92.9455778266649,93.4085464477539,28232200
2018-06-08,93.60300505895414,94.39931175988997,93.09374374560126,94.10301208496094,22165100
2018-06-11,93.5289482858043,94.06598666364711,93.21412586425546,93.56598663330078,23490900
2018-06-12,93.61224045588872,93.93631703168616,93.2881638800913,93.80668640136719,18325200
2018-06-13,94.18632805677704,94.45485067807903,93.11223757156911,93.3807601928711,29492900
2018-06-14,94.1215380460741,94.473391714624,93.51967732369681,93.9085693359375,25691800
2018-06-15,93.99190948899597,94.01042512908688,92.6585573435104,92.714111328125,65738600
2018-06-18,92.60299980205728,93.62152951214112,92.05669307174348,93.39004516601562,23586000
2018-06-19,92.26966177848924,93.51967583469857,92.13076975794563,93.39004516601562,28653100
2018-06-20,93.86226481847771,94.92708704129342,93.63078049798024,94.32523345947266,26180800
2018-06-21,94.51967525934059,94.87152886776775,93.40854633150549,93.6492919921875,23198200
2018-06-22,92.97335815429688,93.30668904893741,92.25112120027832,92.97335815429688,38923100
2018-06-25,92.59371035161281,92.69556399814674,90.09368299785505,91.10295104980469,35433300
2018-06-26,91.50112139548656,92.6678043420747,91.43630606869505,91.74186706542969,26897200
2018-06-27,92.20485412641797,92.61226180579068,90.18631017745015,90.3159408569336,31298400
2018-06-28,90.16778119540439,91.7696560008571,90.05667322892003,91.32520294189453,26650700
2018-06-29,91.60299373712421,92.51041556155184,91.04743267073732,91.30669403076172,28053200
2018-07-02,90.8344456040356,92.64928182209586,90.74185328905777,92.60298919677734,19564500
2018-07-03,93.03816352539422,93.17704843983189,91.61221953433838,91.71407318115234,14670300
2018-07-05,92.13076767415818,92.51965967141116,91.69557598299063,92.37151336669922,18977400
2018-07-06,92.49187942514476,93.91782376255486,92.28817208203743,93.6678237915039,19234600
2018-07-09,94.12153989059851,94.67710092816436,93.751163510774,94.30672454833984,18212000
2018-07-10,94.44561714381386,94.91784720754868,94.31598646974422,94.55673217773438,19293100
2018-07-11,93.65856381443818,94.76042445070456,93.612264121474,94.42709350585938,19644600
2018-07-12,95.1585902485585,96.67713419161115,95.12155896654899,96.47342681884766,24335900
2018-07-13,96.64007552570595,97.77897441310263,96.38080715575754,97.62156677246094,24635200
2018-07-16,97.59381359668606,97.98270564998394,96.77898407814673,97.14010620117188,21786900
2018-07-17,96.86230522275777,98.61232622154206,96.59378254776689,98.10305786132812,25901700
2018-07-18,98.09377894505214,98.19563259152166,96.96413454918255,97.33451080322266,29493900
2018-07-19,97.15861527782687,97.510468959749,96.19563949829354,96.6678695678711,40171600
2018-07-20,100.07529657223166,100.18640451760838,98.22342212965599,98.39934539794922,56004000
2018-07-23,98.42715116061102,100.13087263272001,98.26973642936939,99.97346496582031,29707000
2018-07-24,100.52901592524748,100.76050025841461,99.31604028004091,99.68641662597656,26316600
2018-07-25,99.96420020262006,102.9179427498951,99.6308621756524,102.62164306640625,30702100
2018-07-26,102.53827337240847,102.7790189985282,101.39011333638592,101.50122833251953,31372100
2018-07-27,102.01977651912117,102.01977651912117,98.27898881357073,99.7049331665039,37005300
2018-07-30,99.25122277687548,99.56603807220817,97.00119482516688,97.5660171508789,34668300
2018-07-31,98.603080400888,98.81604912988742,97.57528923154695,98.22344970703125,27655200
2018-08-01,98.17713839875606,98.5660303994586,97.61231603682744,98.40862274169922,23628700
2018-08-02,97.59379091406379,100.08455739834064,97.0752612325068,99.60307312011719,26104300
2018-08-03,99.81603083897433,100.04751513399576,98.90860929418072,100.03825378417969,18659600
2018-08-06,100.11232011733496,100.39009700407591,99.5937905462744,100.12157440185547,20265900
2018-08-07,100.51974802388409,101.01975499866482,100.15863305282147,100.81604766845703,16080200
2018-08-08,101.23271310036581,101.62160501866306,100.70492919286527,101.380859375,15487500
2018-08-09,101.58458472804129,102.00126076966394,101.48273105548961,101.54754638671875,13677200
2018-08-10,101.31605412736812,101.56606114565591,100.35307852132405,100.92716217041016,18183700
2018-08-13,101.14940844484691,101.46423086184004,100.09384028167077,100.19569396972656,18472500
2018-08-14,100.51974905846893,101.62161668447509,100.03826478021008,101.44568634033203,16788300
2018-08-15,100.84151794901739,101.30626824828296,99.28925365143678,100.07003784179688,29982800
2018-08-16,100.66492648950612,101.18544460106334,99.73542580942399,100.05145263671875,21384300
2018-08-17,99.79117525719266,100.29310638325525,99.16841161785665,99.99566650390625,18061500
2018-08-20,99.9306343472671,100.29313909685526,98.97324964494311,99.33575439453125,17914200
2018-08-21,99.38220199508629,99.7818875349177,98.38763664130025,98.50847625732422,22881900
2018-08-22,98.3876342589278,99.77258812742485,98.32256950246222,99.5123291015625,18000600
2018-08-23,99.59599734442432,100.55338189157092,99.33573829372745,99.97708892822266,18167700
2018-08-24,100.079342507242,100.90659759466294,99.97709685899648,100.75788116455078,17234000
2018-08-27,101.56653882249891,101.91045663598537,100.86012339324269,101.87327575683594,19662300
2018-08-28,102.1893078054987,102.70982592096776,102.04988128413306,102.48674774169922,19151500
2018-08-29,102.66334958837119,104.13196239791111,102.49603917853085,104.12266540527344,20818000
2018-08-30,103.79732003291517,104.6710527797784,103.58353888731635,104.05757904052734,22798700
2018-08-31,103.81593251408819,104.8290848444807,103.65791200999955,104.41081237792969,23222700
2018-09-04,103.03516243474145,104.06690889179653,102.44957948270816,103.83453369140625,22634600
2018-09-05,103.18387560209231,103.56496720485693,100.47902513731849,100.8415298461914,32872400
2018-09-06,100.61842219922318,101.30625053625123,99.93059386219514,101.0738754272461,23477600
2018-09-07,100.59986992631416,101.05532331105461,99.67036917046049,100.5812759399414,22498600
2018-09-10,101.16682349397387,101.91042667529487,100.72066725840166,101.66875457763672,20727900
2018-09-11,101.22262352685642,103.72297548581166,101.21332653460725,103.39765167236328,24301800
2018-09-12,103.57427460161368,103.96466323630254,102.71913556614427,103.83453369140625,18891100
2018-09-13,104.21559914577043,105.7120955257436,104.21559914577043,104.94990539550781,26055600
2018-09-14,105.36819019084784,105.71210797104439,104.51305132776805,105.37748718261719,19122300
2018-09-17,105.67493606418668,105.68422596521755,103.97394809390569,104.23420715332031,20736500
2018-09-18,104.28066473404849,105.6842054015857,103.84379835866595,105.22875213623047,22170900
2018-09-19,105.08004973245804,105.33101178389668,103.21175146854074,103.8252182006836,21728400
2018-09-20,104.36434344581507,105.77718856208585,104.03901960046586,105.56340026855469,23714500
2018-09-21,105.96306267367873,107.16211923386406,105.50760938991927,106.2047348022461,71229700
2018-09-24,105.06145029198666,106.79961894391707,104.30855708524608,106.58583068847656,27334500
2018-09-25,106.70665560215755,106.98550148513118,105.73067728293556,106.3813247680664,22668000
2018-09-26,106.39993420173643,106.94833614863424,105.72139564738606,105.9444808959961,19352000
2018-09-27,106.68807265435531,106.80891226517976,106.14896063005388,106.34416198730469,19091300
2018-09-28,106.13968879437223,106.49289651272038,105.66564144463385,106.30699920654297,21647800
2018-10-01,106.66018555840951,107.52462133287074,106.6415986681262,107.45955657958984,18883100
2018-10-02,107.17143947046537,107.67336363566476,106.37206825695827,107.03201293945312,20787200
2018-10-03,107.28295803679651,107.98938048162918,106.82750472635755,107.05058288574219,16648000
2018-10-04,106.5300620489182,106.66948855423374,103.76014720004378,104.83837127685547,34821700
2018-10-05,104.68963426323145,105.19156536264514,102.83993033334592,104.22488403320312,29068900
2018-10-08,103.78803362087793,104.13194428183779,101.63158556186352,103.0351333618164,29640600
2018-10-09,103.30469047448712,105.10792380928852,102.9886636916804,104.34573364257812,26198600
2018-10-10,103.3976226395509,103.6392947294799,98.33184828983218,98.67576599121094,61376300
2018-10-11,97.92288761813045,101.2505014961808,96.85396050080371,98.44341278076172,63904300
2018-10-12,101.3248494315069,103.39763153312931,99.56809408952971,101.84536743164062,47742100
2018-10-15,101.23191762259329,101.76173270120046,99.4100901363551,100.01426696777344,32068100
2018-10-16,101.81749060147584,103.55565917444926,101.2690815920564,103.174560546875,31610200
2018-10-17,103.80662308883184,103.92745560899004,101.82678944393922,102.9050064086914,26548200
2018-10-18,102.33802209879339,102.73770766957848,100.22805870331777,100.85082244873047,32506200
2018-10-19,101.25053488049971,103.04447192879779,100.58129308754489,100.99957275390625,32785500
2018-10-22,101.6130030248225,102.74699486598296,100.60914069741555,101.9011459350586,26545600
2018-10-23,100.17227464149678,101.28767959525405,97.69980677999253,100.47901153564453,43770400
2018-10-24,100.76716900109012,100.84152366362588,94.42796775200448,95.10650634765625,63897800
2018-10-25,99.03829846162175,101.56653430764854,98.6664967781825,100.66492462158203,61646800
2018-10-26,98.2389251223142,101.08319481754684,97.37448924159271,99.41938781738281,55523100
2018-10-29,100.48833137258448,101.03673343692493,94.46516310923462,96.52865600585938,55162000
2018-10-30,96.35204949009379,97.02128406168849,93.05231904779224,96.4171142578125,65350900
2018-10-31,98.00654929996053,100.5161981798028,97.96007143156353,99.27996063232422,51062400
2018-11-01,99.50304563757251,99.75400768830724,98.09020070361338,98.45270538330078,33384200
2018-11-02,98.97320583592153,99.75398276896485,97.57895523417965,98.67576599121094,37680200
2018-11-05,98.87097300041826,100.14438417598113,98.43410662077727,99.93060302734375,27922100
2018-11-06,99.80978242023106,101.16685258862607,98.78733307051179,100.12581634521484,24340200
2018-11-07,101.72457087015992,104.32716888207804,101.68738998679316,104.06690979003906,37901700
2018-11-08,103.91815907514072,104.29925059378866,103.09090419476789,103.8716812133789,25644100
2018-11-09,103.0351269128182,103.59282578317945,101.09247431122922,101.84536743164062,32039200
2018-11-12,101.70597721172079,102.20790850150325,98.6200347975804,99.33575439453125,33621800
2018-11-13,99.9677985808728,101.07389954139273,99.12194957835973,99.40080261230469,35374600
2018-11-14,100.91309879166447,101.06246480081697,97.52443758335434,97.99119567871094,39495100
2018-11-15,98.00984570948054,100.63303058919574,97.00165381286585,100.14759826660156,38505200
2018-11-16,99.96090807771814,101.64123282443465,99.69952470303977,101.09046173095703,33502100
2018-11-19,101.07179527098859,101.34251582212343,96.66560481442251,97.66446685791016,44773900
2018-11-20,95.03195717781371,96.12416948190176,92.74483809011541,94.94793701171875,64052500
2018-11-21,96.71225789003643,97.48707789309091,95.44267553775693,96.25483703613281,28130600
2018-11-23,95.37733291169216,96.90829866058864,95.21863689285635,96.21749877929688,13823100
2018-11-26,97.82314932954017,99.5408154709154,97.6271118105025,99.3914566040039,32336200
2018-11-27,99.20476036427364,100.194292348663,98.35526435213833,100.01692199707031,29124500
2018-11-28,100.7170548259328,103.92835259637006,100.68905048154271,103.73231506347656,46788500
2018-11-29,102.99481978021686,103.73229825905834,101.78124615738164,102.86412811279297,28123200
2018-11-30,103.34023067294298,103.59228401140729,102.08932250242822,103.5176010131836,33665600
2018-12-03,105.48730507913906,105.87938007896396,103.3682269515659,104.63780212402344,34732800
2018-12-04,104.49781449600886,105.15127304210343,101.01579564339751,101.30518341064453,45197000
2018-12-06,98.78466667971715,101.97728981465211,98.01918381481177,101.93061828613281,49107400
2018-12-07,101.17448109552781,102.17334312394328,97.36574049129504,97.85116577148438,45044900
2018-12-10,97.83250017052869,100.80108195811455,96.98299701369645,100.43700408935547,40801500
2018-12-11,102.50005928067148,103.57359697908569,100.29696095881233,101.37049865722656,42381900
2018-12-12,103.5175883107834,103.87232182557338,101.79058514121243,101.82792663574219,36183000
2018-12-13,102.2946938630668,103.49893046219002,101.40784931283866,102.17333221435547,31333400
2018-12-14,101.05313539120957,101.99598881031265,98.48596566995482,98.98072814941406,47043100
2018-12-17,98.4019413226777,98.76601205337496,94.94792727568718,96.04947662353516,56957300
2018-12-18,96.85228829732932,97.56176247568864,95.70406044448677,97.05766296386719,49319200
2018-12-19,96.75893841118292,99.77419121454449,94.61184868272785,96.79627990722656,68198200
2018-12-20,96.19883076614994,97.37505584853552,92.21271328713449,94.76121520996094,70334200
2018-12-21,94.87324427337214,96.1521639697642,90.98048361614839,91.69929504394531,111242100
2018-12-24,91.18584918655921,91.4565696990963,87.73184260733048,87.87186431884766,43935200
2018-12-26,88.81473339984893,93.99575131631372,87.71318396545477,93.8743896484375,51634800
2018-12-27,92.69816285878859,94.4625079327089,89.99096441493215,94.45317077636719,49498500
2018-12-28,95.3026497844539,95.60138175665949,92.90351382943496,93.7156753540039,38196300
2018-12-31,94.55583924715195,95.59204260708847,93.76235204848614,94.81722259521484,33173800
2019-01-02,92.93153568940143,94.98526837292377,92.3620902674664,94.39715576171875,35329300
2019-01-03,93.44496744035342,93.52898759940106,90.73776911574217,90.92447662353516,42579100
2019-01-04,93.09022767485408,95.69473847770364,92.35274909292929,95.1532974243164,44060600
2019-01-07,94.88256792434031,96.40419647651117,94.26645105322747,95.27464294433594,35656100
2019-01-08,96.18950360962789,97.05767390191076,94.9479254381183,95.96546173095703,31514400
2019-01-09,96.95496967354111,97.90715283370336,96.3761872054195,97.33770751953125,32280800
2019-01-10,96.35752386479514,96.85228621143777,95.57336671146265,96.7122573852539,30067600
2019-01-11,96.32953245460827,96.56291148885461,94.88257959341585,95.96546173095703,28314200
2019-01-14,95.12529860447991,96.03081042375756,94.52784882886306,95.26532745361328,28437100
2019-01-15,95.69475098378877,98.0658830688995,95.10663119915357,98.0285415649414,31587600
2019-01-16,98.2619068813259,99.19542298323661,97.98184920188764,98.3739242553711,29853900
2019-01-17,98.01920231993404,99.54083118244559,97.79516042312282,99.06474304199219,28393000
2019-01-18,100.3156398335089,100.72638919898468,98.86869414340933,100.54901885986328,37427600
2019-01-22,99.65283062231616,99.97955979008813,97.8884859941858,98.65396881103516,32371300
2019-01-23,99.0647379149298,99.92357107672707,98.33658932419233,99.61550903320312,25874300
2019-01-24,99.75552832489328,99.8862200055949,98.33657990275798,99.139404296875,23164800
2019-01-25,100.11026771916922,100.7077174721914,99.13941008996743,100.044921875,31225600
2019-01-28,99.19542133717438,99.40079601573274,97.70179702333519,98.0938720703125,29476700
2019-01-29,97.90716194574514,97.99118209478706,95.37733427426666,96.09614562988281,31490500
2019-01-30,97.66445847761653,99.30744171142578,97.3937379497114,99.30744171142578,49471900
2019-01-31,96.89897087517792,98.22456198471603,96.32018834803651,97.4870834350586,55636400
2019-02-01,96.88032419719964,97.17904913979194,95.5453955520168,95.94680786132812,35535700
2019-02-04,96.03079735584504,98.76599963101216,95.93744005435147,98.7099838256836,31315100
2019-02-05,99.00871640388745,100.13827004297114,98.91536621726684,100.09159851074219,27325400
2019-02-06,99.8862400633665,99.8862400633665,98.51397001827684,98.98072814941406,20609800
2019-02-07,98.19654910934894,98.56994980701928,97.35638329526707,98.27122497558594,29760700
2019-02-08,97.44974620897916,98.74733303284984,97.32839167858819,98.64464569091797,21461100
2019-02-11,99.13940086810365,99.49414152244987,97.9911801241993,98.2525634765625,18914100
2019-02-12,99.0834092949506,100.01692549868835,98.46729230400868,99.7835464477539,25056600
2019-02-13,100.35296772096744,100.61435105548549,99.61548924305627,99.7088394165039,18394900
2019-02-14,99.24209138160923,100.15694026634826,98.63531163225558,99.7928695678711,21784700
2019-02-15,100.73572064022984,101.09979133091855,100.22228396250871,101.02510833740234,26606900
2019-02-19,100.62369055602755,101.43585204050115,100.61435340181654,100.97842407226562,18038500
2019-02-20,101.11905633015621,101.19405827355652,99.64717716567546,100.45343017578125,21607700
2019-02-21,100.21904774158747,102.63780660958672,100.19092380284445,102.57218170166016,29063200
2019-02-22,103.17218239827633,104.2503048585655,102.95655361467142,104.03468322753906,27763200
2019-02-25,104.77534775877183,105.16909734152195,104.30659621190333,104.615966796875,23750600
2019-02-26,104.30657024458675,106.16282190262336,104.22219126781461,105.33782196044922,21536700
2019-02-27,104.70969350341102,105.33781868368321,103.95031134640085,105.1596908569336,21487100
2019-02-28,105.03783467411833,105.82533374360462,104.74721103931935,105.02845764160156,29083900
2019-03-01,105.83470162783632,105.95657442969933,104.69094694737922,105.49720001220703,23501200
2019-03-04,105.9565689767055,106.17219777937459,103.87531865754117,105.24407196044922,26608000
2019-03-05,105.23470755443952,105.36595739700034,104.27845767969917,104.71907806396484,19538300
2019-03-06,104.87843307841493,105.6190610941191,104.46592958800294,104.76593017578125,17687000
2019-03-07,104.43781613526671,104.57844298953216,103.00343795743277,103.49093627929688,25339000
2019-03-08,102.33781948233303,103.79094467847403,102.00031786782479,103.60344696044922,22818400
2019-03-11,104.05344102065204,105.89094577839636,104.04407114185575,105.77845001220703,26491600
2019-03-12,105.76909866845756,106.86597557067198,105.60972485926352,106.51910400390625,26132700
2019-03-13,106.99719182417655,107.81282183384792,106.66906727519797,107.34407043457031,35513800
2019-03-14,107.38158831172028,108.00033653684577,107.1847135513358,107.42845916748047,30763400
2019-03-15,108.13155593570622,109.92218949201174,107.42842892403023,108.66593933105469,54681100
2019-03-18,108.90969320039522,110.25969945479231,108.79719744758106,110.22219848632812,31207600
2019-03-19,110.70972239557224,111.03785415743714,109.67847055814269,110.29722595214844,37588700
2019-03-20,110.05345832089132,111.328462761354,109.41595610065998,110.17533111572266,28113300
2019-03-21,109.819108114997,113.26911966940233,109.77223010086277,112.70661926269531,29854400
2019-03-22,112.03158979891641,112.11596162159397,109.72533366220217,109.73471069335938,33624500
2019-03-25,109.27533593468637,110.63471943371599,109.05033724099783,110.30659484863281,27067100
2019-03-26,111.20658837083518,111.29096019237413,109.5472043547793,110.54096221923828,26097700
2019-03-27,110.51282716346843,110.82220480317581,108.30031998978083,109.47219848632812,22733400
2019-03-28,110.10036674460373,110.23161660686429,108.87223281547848,109.62223815917969,18334800
2019-03-29,110.69095695836712,110.92533266185758,109.65032826266321,110.56908416748047,25399800
2019-04-01,111.51595620523364,111.66596008782498,110.71908024855877,111.58158111572266,22789100
2019-04-02,111.6191020910702,112.01285877715333,111.11284962546054,111.74098205566406,18142300
2019-04-03,112.36911073056358,112.90348715721076,111.70348445544727,112.47223663330078,22860700
2019-04-04,112.59409498033213,112.71597493294888,110.98158887483152,111.90034484863281,20112800
2019-04-05,111.9284653690283,112.71597148715192,111.90971845904927,112.397216796875,15826200
2019-04-08,112.32225046468686,112.5191252684941,111.22537349236883,112.43475341796875,15116200
2019-04-09,111.2159619799838,112.06909301791684,111.16909112841623,111.8253402709961,17612000
2019-04-10,112.27533269402547,112.82845588994503,112.06908094213055,112.67845916748047,16477200
2019-04-11,113.00658236082266,113.29720592454264,112.42532808080438,112.80970764160156,14209100
2019-04-12,113.1003599439759,113.41911467936121,112.84723728425301,113.39098358154297,19745100
2019-04-15,113.38160768608788,113.98160899460126,113.03472902386804,113.48473358154297,15792600
2019-04-16,114.03784378296073,114.04722081399223,112.5940885650084,113.22221374511719,14071800
2019-04-17,113.66285359383062,114.23473095516515,113.00660440176463,114.15972900390625,19300900
2019-04-18,114.55346024363898,115.80033343178879,113.71908339068946,115.65971374511719,27991000
2019-04-22,114.95662249922557,116.25037408752881,114.90974448735167,116.02537536621094,15648700
2019-04-23,116.34412219024465,117.7316297931312,116.09099952450646,117.60037994384766,24025500
2019-04-24,117.92848619740379,117.98473408045493,116.7378535539067,117.19723510742188,31257000
2019-04-25,121.93162994799371,123.15975650916229,120.77850533855845,121.07849884033203,38033900
2019-04-26,121.5941423348809,122.36290169989837,120.95664712939822,121.77227020263672,23654900
2019-04-29,121.78164044924006,122.04414015877607,121.2660252159694,121.65977478027344,16324200
2019-04-30,121.69726893566975,122.53164608004755,121.30351937030554,122.43790435791016,24166500
2019-05-01,122.3722549561349,122.48475072884067,119.71911997693591,119.88787078857422,26821700
2019-05-02,119.9816114387469,120.00035834760406,117.67534825748459,118.32222747802734,27350200
2019-05-03,119.40033037040898,121.34095329198536,119.29720451335825,120.84407806396484,24911100
2019-05-06,118.49098372808857,120.52536318032503,118.22848407651986,120.14098358154297,24239800
2019-05-07,118.5566166539109,119.23161989075442,116.45661214684846,117.67536163330078,36017700
2019-05-08,117.60035256866183,118.47223045170574,116.95347335307416,117.66597747802734,28419000
2019-05-09,116.52224609428465,117.92850056249578,115.84724280513049,117.65662384033203,27235800
2019-05-10,117.10349527690346,119.93475099909723,116.08161335638036,119.18474578857422,30915100
2019-05-13,116.35350315522196,117.70350982499644,115.35037518603691,115.64099884033203,33944900
2019-05-14,116.12848510472882,118.01286075639663,115.96910417809224,116.93473815917969,25266300
2019-05-15,116.92533606374717,119.2307176153611,116.3983861709636,118.5814437866211,24722700
2019-05-16,119.2683568817107,121.74312107077519,118.99547378357154,121.31967163085938,30112200
2019-05-17,120.73626137627788,122.75936224348773,120.36928242575861,120.51043701171875,25770500
2019-05-20,119.05194100821599,120.0587821710908,118.33680645561513,118.7696533203125,23706900
2019-05-21,119.90820710651818,120.00230298438471,119.1083813760697,119.40949249267578,15293300
2019-05-22,119.1460233283818,120.6704024221227,119.05192026974974,120.13404083251953,15396500
2019-05-23,118.75079567227513,118.83548697962244,117.37697588499711,118.73197937011719,23603800
2019-05-24,119.41892497444415,119.8988161886259,118.5344077749572,118.78846740722656,14123400
2019-05-28,119.48476290906052,120.44455227622761,118.60965767176636,118.71316528320312,23128400
2019-05-29,117.9792241562068,117.98863589889483,116.71832344014632,117.56520080566406,22763100
2019-05-30,117.86630468112753,118.3367912796865,117.4146343877264,118.30856323242188,16829600
2019-05-31,116.89711582158729,117.26409483301896,116.04082667554235,116.37957763671875,26646800
2019-06-03,116.53952447599198,117.02883453965536,111.98521782574865,112.76622009277344,37983600
2019-06-04,114.12121712611693,116.00316333777204,113.52840665390539,115.89025115966797,29382600
2019-06-05,117.57459556502795,118.44029634373301,116.87827742435823,118.40265655517578,24926100
2019-06-06,118.97664430243292,120.41633203600377,118.18622314379182,120.27518463134766,21459000
2019-06-07,121.56433235049462,124.44370810074517,120.6892197913941,123.64387512207031,33885600
2019-06-10,124.58483466202748,126.16567696118179,124.2084511593342,124.77304077148438,26477100
2019-06-11,125.97749769002289,126.3162486192499,123.53096160581532,124.30256652832031,23913700
2019-06-12,123.64388578045079,124.18024745292732,122.9946262647715,123.72858428955078,17092500
2019-06-13,124.1896407147318,125.1494374129066,123.79443368798024,124.50958251953125,17200800
2019-06-14,124.45312500496952,125.89281302285646,123.86972614645967,124.63191223144531,17821700
2019-06-17,124.80130836990928,125.83637050941604,124.70720528535647,125.0083236694336,14517800
2019-06-18,126.26923091337513,127.25725591814438,125.68583196268581,127.18197631835938,25934500
2019-06-19,127.03140539640914,127.90650374168958,125.91164478487585,127.68067932128906,23744400
2019-06-20,129.33675855478214,129.53436923684384,127.70887900089768,128.86627197265625,33042600
2019-06-21,128.51810712659196,129.6002204433433,128.40519494970937,128.8850860595703,36727900
2019-06-24,128.91331993288702,130.2306765831175,128.91331993288702,129.64727783203125,20628800
2019-06-25,129.14859467437012,129.46852217333557,124.89539103349232,125.55406951904297,33327400
2019-06-26,126.41974221267473,127.72769425236231,125.71401238497043,126.02452087402344,23657700
2019-06-27,126.22213230306136,126.75849386723776,125.62931464962642,126.23153686523438,16557500
2019-06-28,126.6267743957321,126.65500244397037,125.2999986960852,126.05278015136719,30043000
2019-07-01,128.56517013807078,128.6310307944325,127.00315121380916,127.67123413085938,22613500
2019-07-02,128.08527343141864,128.52753200492972,127.35131544944545,128.51812744140625,15237800
2019-07-03,128.72516079053548,129.609678061838,128.24525517927623,129.34620666503906,13629300
2019-07-05,127.91590218289595,129.22385438804022,127.70888692526633,128.96978759765625,18141100
2019-07-08,128.34874482648078,129.00743758422283,127.37954353314429,128.87570190429688,16779700
2019-07-09,127.97234319459272,128.88508826161473,127.78415144386977,128.4051971435547,19953100
2019-07-10,129.03567858917117,130.40008705928355,128.9321709475426,129.7131805419922,24204400
2019-07-11,130.04249060866292,131.0022872725657,129.73196773627933,130.23068237304688,22327900
2019-07-12,130.65410419484414,130.91757548095563,129.8636759784014,130.70114135742188,18936800
2019-07-15,131.20927480785707,131.30336349112076,130.2871253064668,130.70114135742188,16651500
2019-07-16,130.75763580884046,130.84231994676125,128.46165901558197,128.9886016845703,22726100
2019-07-17,129.5720254073568,129.7884452542176,128.1793888912968,128.2264404296875,20211000
2019-07-18,127.54892683728359,128.5557607479981,126.72086578315403,128.36756896972656,30381800
2019-07-19,131.94323359958867,132.36666857280315,128.39576141258004,128.55572509765625,48992400
2019-07-22,129.29911367540907,130.97404460017884,129.22383410643957,130.25889587402344,25074900
2019-07-23,131.51038897759457,131.72682311804994,129.88250961296632,131.06813049316406,18034600
2019-07-24,130.7011339273745,132.43253502667753,130.65409676747075,132.41371154785156,20738300
2019-07-25,132.1408634479117,132.31024609508248,131.09639694915856,131.9150390625,18356900
2019-07-26,132.08440146776655,133.31707404360185,132.01854081099262,132.9971466064453,19037600
2019-07-29,133.1476875625775,133.1570921242279,131.14341035661647,132.70542907714844,16605900
2019-07-30,131.8680020758231,132.88425499661437,131.5480745891241,132.06561279296875,16846500
2019-07-31,132.0467898739482,132.19734905355295,127.10667986331171,128.2264404296875,38598800
2019-08-01,128.91333723847524,132.62077419796006,128.8474622180652,129.9107666015625,40557500
2019-08-02,129.93895878136018,130.1553929102932,127.2760034549164,128.81919860839844,30791600
2019-08-05,125.43173957009901,126.02454296577254,123.06048291306709,124.40608215332031,42749600
2019-08-06,125.90219673176348,127.67121629901949,125.34702607922328,126.73966217041016,32696700
2019-08-07,125.89282815648731,127.64303930052375,124.04852828486224,127.29488372802734,33414500
2019-08-08,128.53692004892136,130.78584498843722,127.90645549149569,130.69174194335938,27496500
2019-08-09,130.4282910038808,131.15284436136244,128.40520444192683,129.5814208984375,23466700
2019-08-12,128.97920871076764,129.72257125171518,127.25722596110316,127.77474975585938,20484300
2019-08-13,128.01939987425007,130.60707603564092,127.03137519555139,130.41888427734375,25154600
2019-08-14,128.73836452148703,129.2670618631319,126.1987156998724,126.49138641357422,32527300
2019-08-15,126.87845172954351,127.05783424089067,124.85806471790643,126.2081298828125,28074400
2019-08-16,127.34109182743995,128.83278185540715,127.19003132705593,128.52122497558594,24449100
2019-08-19,130.14506982370392,130.8059414063787,129.2387213632356,130.67376708984375,24355700
2019-08-20,130.4849865736605,130.95703989916174,129.56920196971416,129.58807373046875,21170800
2019-08-21,130.80592493855093,131.69338712609564,130.28666361542176,131.03250122070312,14970300
2019-08-22,130.9098130957754,131.41962427631512,128.67227085460985,130.07899475097656,18697000
2019-08-23,129.52197186755822,130.61713885506643,125.37734494631088,125.93436431884766,38508600
2019-08-26,127.44495335130941,127.9830866147604,126.4158662230904,127.87923431396484,20312600
2019-08-27,128.7666939007539,129.07825079610006,127.13339357599018,128.1530303955078,23102100
2019-08-28,127.34108489075743,128.17188878576852,126.0854215608195,127.98307037353516,17393300
2019-08-29,129.5786106337369,130.70209961740304,129.25761789723836,130.3999786376953,20168700
2019-08-30,131.37241683214987,131.40073887534862,128.65339984361205,130.15452575683594,23940100
2019-09-03,128.97438110515063,129.5314004462953,128.1152407889249,128.4362335205078,18869300
2019-09-04,129.62582106622773,129.9940220128763,128.85164684685714,129.9373779296875,17995900
2019-09-05,131.33467490705382,132.53369437022974,131.00423182158892,132.22213745117188,26101800
2019-09-06,132.20325336060617,132.34486359607237,130.4755364582972,131.3252410888672,20824500
2019-09-09,131.78786599094778,131.9389265377873,128.832821475255,129.8335723876953,25773900
2019-09-10,129.1537874544012,129.23875359209347,126.9917752447399,128.47402954101562,28903400
2019-09-11,128.3135102404754,128.65338913649668,127.53933604167992,128.5117645263672,24726100
2019-09-12,130.14512936332937,130.6832627532961,129.2198943183822,129.8335723876953,27010000
2019-09-13,130.07897997783232,130.3433286200784,128.93661928939468,129.6446990966797,23363100
2019-09-16,128.23798399480359,129.05935201666531,128.077487623056,128.7100372314453,16731400
2019-09-17,129.30485647450766,129.83355390726493,128.80446668358604,129.7108154296875,17814200
2019-09-18,129.6824818235801,130.919259151961,128.89887162489774,130.77764892578125,23982100
2019-09-19,132.45813836693657,134.41243123548338,132.24099791619165,133.1851043701172,35772100
2019-09-20,133.12844939752347,133.73267696775522,130.52272070200934,131.64620971679688,39167300
2019-09-23,131.44797273797641,131.82562406420516,130.702134778303,131.36300659179688,17139300
2019-09-24,132.51475712425406,132.82631392321824,129.2292713261422,129.70132446289062,29773200
2019-09-25,129.81467020442244,132.13717900632307,128.42683221412662,131.57070922851562,21382000
2019-09-26,131.64624433314893,132.34487409141798,130.70213760603906,131.7406463623047,17456600
2019-09-27,132.31656663689077,132.51483541006053,129.0121927275264,130.03182983398438,22477700
2019-09-30,130.33391957629536,131.43852257437396,130.07900675953152,131.25914001464844,17280900
2019-10-01,131.85390836022654,132.41092770026117,129.3425817820733,129.40867614746094,21466600
2019-10-02,128.63450029645,128.74778845745865,126.11373787256218,127.1239242553711,30521700
2019-10-03,127.40717833406802,129.10657303583397,125.77387800683437,128.662841796875,24132900
2019-10-04,129.10655740738449,130.52271708644173,128.79500054928135,130.3999786376953,22897700
2019-10-07,129.47478826668564,130.4566528657822,129.36150007607725,129.45590209960938,15303700
2019-10-08,129.41813838389473,130.06012397653248,128.0397363674609,128.08694458007812,25550500
2019-10-09,129.77687330004977,130.94755602724297,129.31425597357858,130.51327514648438,19749900
2019-10-10,130.7493354547642,131.86337438956303,130.522744672094,131.3252410888672,17654600
2019-10-11,132.2881966357152,133.14733699817143,131.70285522239948,131.87278747558594,25446000
2019-10-14,131.8822659131797,132.44872128397756,131.7217695044907,131.75009155273438,13304300
2019-10-15,132.23160076564972,133.86490155358186,131.99557405732722,133.65721130371094,19695700
2019-10-16,132.9207318320575,133.10956463411543,131.7311629710616,132.56198120117188,20751600
2019-10-17,133.07178621371398,133.51551734756112,131.24966788589376,131.88221740722656,21460600
2019-10-18,131.9483013648318,132.17489208024338,128.92716385561022,129.7296600341797,32273500
2019-10-21,130.71151311260294,130.75872130833844,129.35199774856565,130.692626953125,20078200
2019-10-22,131.20246992213876,132.1843342572075,128.64393519347976,128.74778747558594,27431000
2019-10-23,129.22935008414385,129.76748349692141,128.03033035241077,129.56922912597656,29844600
2019-10-24,131.5990093983485,132.57143797737498,130.91925154035994,132.11827087402344,37029300
2019-10-25,131.5517826428226,133.25117704819527,131.41960832273364,132.8640899658203,25959700
2019-10-28,136.3289916296993,137.52801108363448,135.48873730511255,136.1307373046875,35280100
2019-10-29,136.0268893064885,136.42341237499207,134.6768092915584,134.8467559814453,20589500
2019-10-30,135.49816434559108,136.8954378848265,134.80895625156265,136.52723693847656,18496600
2019-10-31,136.80104942172338,136.8293714690805,134.99781664764748,135.3565673828125,24605100
2019-11-01,136.19680766564963,136.34786817323254,134.97891653732933,135.68699645996094,33128400
2019-11-04,136.73497555548116,136.89547196631688,136.10242579303747,136.4706268310547,16912000
2019-11-05,136.86710920647536,136.91431740877906,135.86635870368838,136.3856201171875,18250200
2019-11-06,136.300681640543,136.44230629114642,135.1960785142771,136.0080108642578,16575800
2019-11-07,135.8002696184308,136.78214840320285,135.7341896573734,136.19679260253906,17786700
2019-11-08,135.93246217689625,137.83012563396463,135.72475757556614,137.8018035888672,16732700
2019-11-11,137.21643909236604,138.2360758696096,136.64053353501333,137.9434051513672,14362600
2019-11-12,138.1039248724389,139.32183056466886,137.8962202490497,138.8497772216797,18641600
2019-11-13,138.53816085623507,139.21791853100973,138.10386562838292,139.0762939453125,16919200
2019-11-14,138.80254413049164,140.11485161257744,138.78365796649786,139.78440856933594,19729800
2019-11-15,140.60579800789372,141.60656316881852,139.9826985605794,141.58767700195312,23485700
2019-11-18,141.68206756289746,142.13523464345982,140.65298054252128,141.9369659423828,21534000
2019-11-19,142.4467787005741,142.87162370075802,141.80477885542825,141.98416137695312,23935700
2019-11-20,142.39152170904367,142.89359964074345,140.63899016884636,141.7378692626953,25696800
2019-11-21,141.5294526136806,141.90838888609795,140.6768712968879,141.60523986816406,18576100
2019-11-22,142.16424219343122,142.38212162781198,140.9800928360059,141.7095184326172,15901800
2019-11-25,142.09786309345495,143.37674964327292,142.02207583187874,143.2630615234375,22420900
2019-11-26,143.3862481284912,144.39040426181063,143.34836171711572,144.0209503173828,24620100
2019-11-27,144.30512228423004,144.46616479892097,143.53779611513806,144.295654296875,15184400
2019-11-29,144.08723751840233,144.27669844297796,143.31042893621776,143.40516662597656,11977300
2019-12-02,143.8125057188623,143.83145614764797,140.50637141538132,141.67156982421875,27418400
2019-12-03,139.72010060519244,141.55788753469812,138.92434156779072,141.4442138671875,24066000
2019-12-04,142.23048093356795,142.26836733521912,141.3399987178796,141.9557647705078,17574700
2019-12-05,142.14524330470715,142.4010235261113,141.6052644434032,142.03155517578125,17869100
2019-12-06,143.0357037606945,143.86933466734416,142.3536329112005,143.7556610107422,16403500
2019-12-09,143.11151426901324,144.19145754702078,142.95993973228923,143.38623046875,16687400
2019-12-10,143.31992557551058,143.8883229178125,142.81784752028668,143.16836547851562,16476100
2019-12-11,143.55673845422552,143.86935551011177,142.4104903709191,143.70831298828125,18856600
2019-12-12,143.6609421299317,145.35665148920563,143.0641408997182,145.1671905517578,24612100
2019-12-13,144.93985432215842,146.73028723852846,144.77881177417171,146.38925170898438,23845400
2019-12-16,146.93869075639589,147.6870666103958,146.66397453162102,147.33656311035156,24144200
2019-12-17,147.26075935401926,147.50707158481424,146.31344020159077,146.54080200195312,25425600
2019-12-18,146.17133556245182,147.28916512798332,146.05764744455877,146.23764038085938,24129200
2019-12-19,145.8871729652409,147.56393218242093,145.65034313899864,147.50709533691406,24958900
2019-12-20,149.06071685839964,150.14066042146086,148.05654612875742,149.1175537109375,53477500
2019-12-23,149.7901424058986,149.7901424058986,148.98492957003342,149.1175537109375,17718200
2019-12-24,149.18381931366798,149.40171313101288,148.84278383319707,149.08909606933594,8989200
2019-12-26,149.25961703393423,150.3679788093413,149.1080424864569,150.31114196777344,14520600
2019-12-27,151.05000773525674,151.1447454147721,149.88480944290797,150.58583068847656,18412800
2019-12-30,150.61426502226158,150.6426834381321,148.4733146604014,149.2880096435547,16348400
2019-12-31,148.51124246988692,149.4585617173354,148.20809337232998,149.39224243164062,18369400
2020-01-02,150.41533767385138,152.26260717686054,149.98904693545595,152.1584014892578,22622100
2020-01-03,149.9795640082844,151.5236842826628,149.7332517957889,150.2637481689453,21116200
2020-01-06,148.80489122518964,150.718479922249,148.26491238072057,150.65216064453125,20813700
2020-01-07,150.92688967276914,151.25844269298102,149.03225142604057,149.27854919433594,21634100
2020-01-08,150.5574780044242,152.32897526122892,149.62910896149356,151.6563720703125,27746500
2020-01-09,153.31413455747898,153.67412047600544,152.5468083247831,153.55096435546875,21385000
2020-01-10,154.2425275193915,154.62144943814087,152.68891006966302,152.84048461914062,20725900
2020-01-13,153.23833928861814,154.70668685049705,152.7646797173632,154.6782684326172,21626500
2020-01-14,154.7824534261497,154.98139677965818,153.20043240422595,153.58883666992188,23477400
2020-01-15,154.05301501204548,155.3034830617299,154.00566062481232,154.58351135253906,21417900
2020-01-16,155.6919023520506,157.48233490143087,155.38875329683958,157.416015625,23865400
2020-01-17,158.60019275971428,158.64756161489345,156.71502218116595,158.29705810546875,34371700
2020-01-21,157.89914820309696,159.32960936368943,157.66231841676765,157.7286376953125,29517200
2020-01-22,158.58120365895033,158.66647335945913,156.95181373171633,156.97076416015625,24138800
2020-01-23,157.43496426740944,158.0128294992705,156.5634324259856,157.93704223632812,19680800
2020-01-24,158.68544554672874,158.70439597949334,155.78665089637408,156.34556579589844,24918100
2020-01-27,152.66048172072817,154.77301392246096,151.76053138101526,153.73095703125,32078100
2020-01-28,155.1519500770846,157.02763819872118,154.47936148498258,156.7434539794922,24899900
2020-01-29,158.9980085840233,159.86007229491779,156.96127863009366,159.18746948242188,34754500
2020-01-30,164.88087936173753,164.88087936173753,161.7926100859004,163.6777801513672,51597500
2020-01-31,163.1378330139446,163.31781150569444,160.6463790875127,161.2621307373047,36142700
2020-02-03,161.45156006694415,165.30715509257476,161.42314165512857,165.1934814453125,30107000
2020-02-04,167.80812679253964,171.1237440771596,167.02185010187932,170.63113403320312,36433300
2020-02-05,174.33514706166798,174.4961895872338,169.01121791022703,170.42271423339844,39186300
2020-02-06,171.43636512906852,174.13623076252514,170.57430114590088,173.95623779296875,27751400
2020-02-07,173.21730911108827,175.85085514230525,172.86679120280033,174.2025146484375,33529100
2020-02-10,173.90888491331873,178.89177940187994,173.59626779878744,178.7591552734375,35844300
2020-02-11,180.60638491548957,180.65375376260124,173.8330589718601,174.72354125976562,53159900
2020-02-12,175.80345670398398,176.05923687401918,172.26996098288024,174.9792938232422,47062900
2020-02-13,173.43516681747468,176.4192159295942,173.23622346436093,174.031982421875,35295800
2020-02-14,173.5962108192426,175.64242337639334,173.02781362394256,175.58558654785156,23149500
2020-02-18,175.8318640991125,177.8117571589864,175.72765844043812,177.36651611328125,27792200
2020-02-19,178.63942448881184,178.75340863724387,177.12907654439266,177.89849853515625,29997500
2020-02-20,177.5850096183367,177.86998445493268,172.02806552961567,175.18174743652344,36862400
2020-02-21,173.99434104934298,174.30781187815458,168.37089730464794,169.64376831054688,48572600
2020-02-24,159.36585498840046,165.80622141128146,155.0532703487702,162.32955932617188,68311100
2020-02-25,165.4737357884397,166.0816754656081,159.25184432237913,159.65081787109375,68073300
2020-02-26,161.20865045967483,164.58080718946448,159.78379060390208,161.64559936523438,56206100
2020-02-27,155.13872812835803,158.66287293546242,150.06621667754132,150.25619506835938,93174900
2020-02-28,144.7752687189207,155.50921622258826,144.38580353335962,153.8943634033203,97012700
2020-03-02,157.02904179044228,164.25783086258915,154.17932227965255,164.13433837890625,71030800
2020-03-03,165.0937429922885,166.23362782707545,154.1318145032724,156.26910400390625,71677000
2020-03-04,160.0497561503621,162.14904146075395,157.3235145582892,162.00656127929688,49814400
2020-03-05,157.73196790911553,162.3105094316325,157.39000100953325,157.94094848632812,47817300
2020-03-06,154.46435242834104,154.93930585017415,148.1854676119302,153.47645568847656,72821100
2020-03-09,143.43590508064403,149.84777500974567,142.48599842448084,143.07493591308594,70419300
2020-03-10,150.23721110885253,152.96343804561613,144.9367312551031,152.85894775390625,65354400
2020-03-11,149.25876906170728,149.80020807028126,143.57831942727557,145.93409729003906,56371600
2020-03-12,138.0213999109442,145.7821332961046,131.63802787788026,132.09397888183594,93226400
2020-03-13,140.11118606701473,153.79933999466334,133.68031604468754,150.87362670898438,92727400
2020-03-16,132.98692659116145,141.8685592719839,128.23739349861998,128.6363525390625,87905900
2020-03-17,132.98687683824832,140.1111738117259,128.2373455225966,139.22776794433594,81059800
2020-03-18,131.08711225665544,138.68636514109926,128.25639461563904,133.36688232421875,81593200
2020-03-19,135.61816456023482,142.6284651649305,132.0370127460227,135.56117248535156,85922700
2020-03-20,138.6863672974225,139.73127038304972,129.0543146964059,130.4696807861328,84866200
2020-03-23,130.14669177586433,133.52837128420802,125.881620623842,129.1682891845703,78975200
2020-03-24,136.54909590592504,142.10605621534557,134.1933312141267,140.90916442871094,82516700
2020-03-25,141.45059151845882,146.59908341404636,137.20450796995928,139.56027221679688,75638200
2020-03-26,140.96611636735446,148.81235319825882,140.9376203324005,148.28990173339844,64568100
2020-03-27,144.14831530529963,147.13102121684818,141.7260507653704,142.2010040283203,57042300
2020-03-30,144.8037561165446,152.5549970065621,142.49547567385673,152.20352172851562,63420300
2020-03-31,151.41511399644187,156.52561640437477,148.71738259294858,149.80978393554688,77927200
2020-04-01,145.33574241165908,149.84779977411256,143.26495251632153,144.49032592773438,57969900
2020-04-02,144.25282142442757,147.69147878711792,142.82796147930063,147.4824981689453,49630700
2020-04-03,147.33053104311554,149.4963171018683,144.5662991410881,146.1241455078125,41243300
2020-04-06,152.28902386275382,158.15943933853654,149.68627471810913,156.99105834960938,67111700
2020-04-07,161.09466920123717,161.48413441584339,155.0817582215985,155.3002471923828,62769000
2020-04-08,157.3710364866465,158.3209431578964,155.30974074936518,156.85809326171875,48318200
2020-04-09,158.02647150570388,158.98587200804732,155.14825550424828,156.86758422851562,51385100
2020-04-13,156.11715925033957,157.2760464896753,154.1698477747721,157.2190399169922,41905300
2020-04-14,160.5341764817343,165.04623173787772,159.58427011201988,164.9987335205078,52874300
2020-04-15,162.62399924309832,164.8752876336318,160.76219051302303,163.2699432373047,40940800
2020-04-16,165.5687281288851,168.3994458213664,164.23885015327437,168.1714630126953,50479600
2020-04-17,170.5082611046987,170.9832144782494,167.06009497450415,169.65335083007812,52765600
2020-04-20,167.7820097543469,169.79580713643446,166.22416348822875,166.2906494140625,36669600
2020-04-21,164.8088398501871,164.97032227670314,157.78902874988998,159.4133758544922,56203700
2020-04-22,162.8044987799114,165.28375569511513,162.26305953111464,164.8278045654297,34620200
2020-04-23,165.38824370404214,166.2906521024293,162.34854539106306,162.83299255371094,32790800
2020-04-24,163.44092549392695,165.81569196802081,162.15856029457086,165.8061981201172,34277600
2020-04-27,167.74397856900762,168.03844725298504,164.61879268800635,165.3312225341797,33194400
2020-04-28,166.7940935372614,166.87008780328102,160.90467561776978,161.3036346435547,34392700
2020-04-29,164.54284714097906,168.7794230968236,163.26997558433888,168.5419464111328,51286600
2020-04-30,170.98319268415977,171.36314953679909,167.40204064561368,170.23277282714844,53875900
2020-05-01,166.99357632410124,169.69130747870238,165.29323546301947,165.8251953125,39370500
2020-05-04,165.74918687198553,170.03325987772834,165.09374908184085,169.8812713623047,30372900
2020-05-05,171.572122300799,174.450338086352,170.88818840181372,171.70510864257812,36839200
2020-05-06,172.95900138331487,174.97279880598006,172.53154629757884,173.3959503173828,32139300
2020-05-07,174.94425587074093,175.30522493254165,173.4339082086081,174.40281677246094,28316000
2020-05-08,175.71370104636537,175.73270323488325,174.17485714814552,175.42872619628906,30877800
2020-05-11,173.97539842652998,178.11699203070202,173.69043802497885,177.3855743408203,30892700
2020-05-12,177.4425699136979,177.67053823942587,173.16798987319115,173.36746215820312,32038200
2020-05-13,173.40548466660616,174.83034482903608,167.69653567270362,170.74574279785156,44711500
2020-05-14,168.64640741566177,171.63862183186455,166.87958060148486,171.48663330078125,41873900
2020-05-15,170.0902859150462,177.6895392707551,168.13348049505922,173.9849090576172,46610400
2020-05-18,176.44515011723627,176.87260518633394,174.74482368880803,175.64723205566406,35264500
2020-05-19,175.76122950334033,177.25258992843055,174.29837961314254,174.43136596679688,26799100
2020-05-20,176.04113977332156,177.0318020320773,175.2124241516012,176.85081481933594,31261300
2020-05-21,176.6031831674777,177.81292860726518,174.5932973177432,174.72665405273438,29119500
2020-05-22,174.49803205422208,175.70777736396283,173.878864430985,174.80284118652344,20826900
2020-05-26,177.49858947605117,177.65100133015423,172.5072247999281,172.95492553710938,36073600
2020-05-27,171.64990779458807,173.3549844144041,168.2207285103278,173.1835174560547,39517100
2020-05-28,172.1642649179447,175.4124564029149,171.821345594234,172.79293823242188,33810200
2020-05-29,174.0598598251902,175.52679835595217,171.8499462743446,174.55519104003906,42130400
2020-06-01,173.87885733693813,174.31703770681008,172.8501138394492,174.1551055908203,22622400
2020-06-02,175.50772569531836,176.22213977548927,172.74533039924086,176.13641357421875,30794600
2020-06-03,176.05070693577963,177.11756076291744,174.86953695945328,176.56507873535156,27311000
2020-06-04,175.5553560250542,177.02227987283794,173.65025181324634,174.24082946777344,28761800
2020-06-05,173.95505869036717,178.82260047028618,173.37400133185187,178.3177490234375,39893600
2020-06-08,177.11752483159168,179.60368618388102,175.6886968023401,179.42269897460938,33211600
2020-06-09,179.0798213933847,181.6517095383522,178.37492750218286,180.79441833496094,29783900
2020-06-10,182.0612866274209,189.10064603035806,181.9469704923257,187.50035095214844,43872300
2020-06-11,183.96636114942115,186.47156287240512,177.24134676666702,177.43185424804688,52854700
2020-06-12,181.49928782354135,182.62330696543887,176.39360750554295,178.8321533203125,43373600
2020-06-15,175.8220765372761,181.7660071501727,175.27911483833037,179.97520446777344,32770200
2020-06-16,183.73780074282863,186.3001685905178,182.37565801817837,184.3855438232422,42556700
2020-06-17,185.77623718995878,187.00503755358736,184.49982084857658,185.0237274169922,25687800
2020-06-18,184.79512262836676,187.166982785349,184.79512262836676,187.0050506591797,23061600
2020-06-19,189.16731494300117,189.8340984950889,185.1475439842548,185.89053344726562,44441100
2020-06-22,186.50022256791996,191.23440902079636,185.96679556502613,191.05343627929688,32818900
2020-06-23,192.50124060057937,194.2729879977729,191.87255275823534,192.3297882080078,30917400
2020-06-24,192.03454781345783,193.60625328078626,187.2336761239844,188.45294189453125,36740600
2020-06-25,188.41482860990715,191.0914979740535,186.19538023333627,190.8343048095703,27803900
2020-06-26,190.2532437572232,190.4056555951069,185.63337438286644,187.0145721435547,54675800
2020-06-29,186.49068256690614,189.11020131374772,184.36649507102788,189.02447509765625,26701600
2020-06-30,188.4910528154796,194.7016833148076,188.35769607555034,193.85391235351562,34310300
2020-07-01,193.50147797963655,196.55917732651125,192.19648595050802,194.98745727539062,32061200
2020-07-02,195.92090671600337,198.1498896510141,195.2731782720934,196.473388671875,29315800
2020-07-06,198.92147558606962,201.1123485300744,198.21658173292928,200.70274353027344,31897600
2020-07-07,200.46461530971268,204.4843869114335,198.12134494687825,198.36900329589844,33600700
2020-07-08,200.10266563587942,203.1412952180682,198.78813883046487,202.73170471191406,33600000
2020-07-09,206.06562572695827,206.11325624543244,201.43622130626395,204.1510009765625,33121700
2020-07-10,203.48418406110454,203.9223644420307,201.0647080140899,203.5318145751953,26177600
2020-07-13,204.30336440933152,205.56074012154218,196.70200294166628,197.24496459960938,38135600
2020-07-14,196.34953640735574,198.94047885174237,192.44406763219953,198.46420288085938,37591800
2020-07-15,199.61685940848528,201.30288106397543,195.30179861452493,198.16897583007812,32179400
2020-07-16,195.6542036387055,195.93997218751295,192.7108210160108,194.2444305419922,29940700
2020-07-17,194.76833860463782,195.31128577018185,191.8344762485348,193.2537841796875,31635300
2020-07-20,195.2731784676859,202.22681163227398,193.3775945758893,201.56002807617188,36884800
2020-07-21,203.52227953099117,203.78899294881228,198.15940670556205,198.84524536132812,37990400
2020-07-22,199.27393071446238,202.22684854667068,198.502365706218,201.70294189453125,49605700
2020-07-23,197.35927722794668,200.91229258668062,192.55840637545583,192.92990112304688,67457000
2020-07-24,190.91051343665205,193.23474316986903,188.13858299901412,191.74876403808594,39827000
2020-07-27,191.91070116654112,194.29208176915887,191.32964371811065,194.1777801513672,30160900
2020-07-28,193.94917072897118,194.98744922805173,192.16790261267758,192.4346160888672,23251400
2020-07-29,192.8917981652364,194.93977934418533,192.42504240875613,194.37777709960938,19632600
2020-07-30,191.4629920099021,194.75882901393874,190.10084934195524,194.2253875732422,25079600
2020-07-31,194.7016574395373,195.36845558536268,189.56740183239614,195.28271484375,51044000
2020-08-03,201.48383883595034,207.3134534584986,200.45508074936077,206.26564025878906,78983000
2020-08-04,204.0080808185462,204.57961789051777,200.33122914366757,203.16983032226562,49280100
2020-08-05,204.703465764779,204.79872680046398,201.53147967053414,202.8364715576172,28806400
2020-08-06,202.26492745672695,206.10371159915528,201.5124176259521,206.0846710205078,32656800
2020-08-07,204.6558280531857,205.46548863137218,200.92181096572025,202.3982696533203,27820400
2020-08-10,201.6267302012885,201.82677256630785,196.55915986005738,198.36900329589844,36716500
2020-08-11,197.33071819206666,197.79745947005014,193.50145425985625,193.73007202148438,36446500
2020-08-12,195.54942688645932,200.30266740602258,195.03505511443325,199.26438903808594,28013100
2020-08-13,199.50253178830027,201.321909948508,198.27373133117436,198.79763793945312,22588900
2020-08-14,198.8548024461003,199.64542255765082,197.66411213378817,198.9881591796875,17958900
2020-08-17,199.65496003682452,201.169514645871,199.00721694022218,200.3026885986328,20184800
2020-08-18,200.54081995254023,202.28399227877523,199.28345856619634,201.4552764892578,21336200
2020-08-19,201.94223033756498,202.5246923005992,199.8033505157827,200.2330322265625,27627600
2020-08-20,200.080239790624,205.2937526644037,199.47869126013373,204.89271545410156,26981500
2020-08-21,204.20522691779604,206.48732907015582,203.24082891505807,203.4031524658203,36249300
2020-08-24,205.09325450359657,205.7903089925828,202.8397966101337,204.0429229736328,25460100
2020-08-25,203.47956222275502,206.83109730111778,203.47956222275502,206.69741821289062,23043700
2020-08-26,208.04374285673754,212.06367291034857,207.5472143423268,211.16610717773438,39600800
2020-08-27,212.8275964636864,220.7146922620939,209.49514779937155,216.35101318359375,57602200
2020-08-28,217.8787816221816,220.22773106036195,216.3510225414326,218.57583618164062,26292900
2020-08-31,216.7520416656349,218.37529192711878,214.18347989796817,215.34840393066406,28774200
2020-09-01,215.32931852467755,217.18173932118268,214.29807350693463,217.00987243652344,25725500
2020-09-02,217.678264507204,222.34750420927097,217.08625915391343,221.19212341308594,34080800
2020-09-03,218.919525023127,218.9577127975465,205.2555576037931,207.4899139404297,58400300
2020-09-04,205.3892844294588,208.50210600083884,195.92666935229124,204.57765197753906,59664100
2020-09-08,197.17751849448624,200.54815481211494,193.07163989272198,193.51087951660156,52924300
2020-09-09,198.22784947553285,205.14098845525137,197.3684714692086,201.75125122070312,45679000
2020-09-10,203.7660088945279,205.0455254022006,194.89541419577412,196.09852600097656,35461500
2020-09-11,197.8459188393803,199.21136882938845,192.15499218362683,194.81903076171875,33620100
2020-09-14,195.01955560675427,199.75562740153794,194.81902968180668,196.13673400878906,30375800
2020-09-15,199.01088112728266,200.30948453471726,197.58814190511498,199.35462951660156,21823900
2020-09-16,201.11151778672067,201.14016226576354,195.4014900352988,195.79298400878906,26328100
2020-09-17,191.01871778722526,195.10549542521738,190.9327843465496,193.74960327148438,34011300
2020-09-18,193.6445722843672,194.45619018917904,187.3902699158646,191.34336853027344,55225300
2020-09-21,188.28779182875024,193.5585936061161,187.51436188906752,193.39625549316406,39839700
2020-09-22,195.8025265449776,198.70529334933173,192.9570632684131,198.0559844970703,33517100
2020-09-23,198.51431894911047,198.70530157646007,190.99961588664098,191.53433227539062,30803800
2020-09-24,190.82771090807543,196.28948076547937,190.20704663295967,194.0169219970703,31202500
2020-09-25,194.36066336798066,199.6028059758859,193.3962508643606,198.43789672851562,29437300
2020-09-28,201.35978019848167,202.97348710410114,198.66708273160546,199.9847869873047,32004900
2020-09-29,199.89884041086924,200.5863369712553,197.47350127563882,197.90318298339844,24221900
2020-09-30,198.35198170021263,202.41011456289073,197.21570216747432,200.83460998535156,33829100
2020-10-01,203.8519992404835,204.3294267405896,201.7799656384147,202.86849975585938,27158400
2020-10-02,198.6098157696797,201.46483711654338,196.26086634548096,196.88153076171875,33154800
2020-10-05,197.8649950832573,200.91098395337687,197.63582470662806,200.88233947753906,21331600
2020-10-06,199.39273548079083,200.69132369049635,195.57331725481197,196.61410522460938,28554300
2020-10-07,197.7122410045719,200.62455118299337,197.38759385548323,200.35719299316406,25681100
2020-10-08,201.00650216165653,201.65581107779784,198.91538214434803,201.07334899902344,19925800
2020-10-09,201.69397817169286,206.11496062047993,201.69397817169286,206.0672149658203,26458000
2020-10-12,208.9126745888685,213.75379540238984,207.02206617071406,211.40484619140625,40461400
2020-10-13,212.66524060212126,215.04283405759003,210.47861517325316,212.79891967773438,28950800
2020-10-14,212.9326251853201,214.09754923309413,209.23734168865147,210.8892364501953,23421700
2020-10-15,207.29898225402468,210.41180364703087,206.25817945216272,209.743408203125,22733100
2020-10-16,210.21127772889514,212.25466641165193,209.41876106893184,209.743408203125,26057900
2020-10-19,210.46906140384877,212.26419281845352,204.0715381263812,204.54896545410156,27625800
2020-10-20,206.05764056191512,207.55675481644911,203.46997799718156,204.9595489501953,22753500
2020-10-21,203.49860466382708,207.12705500386107,203.49860466382708,205.10276794433594,22724900
2020-10-22,204.27206899419642,206.30591426730527,202.14274698836158,205.18873596191406,22351500
2020-10-23,205.32237810751806,206.5159463263312,203.53680471454945,206.46820068359375,18879600
2020-10-26,204.19572375769516,206.57330310558484,198.7053081481749,200.59591674804688,37111600
2020-10-27,202.0376795800654,204.9786334711696,200.8345680395829,203.62274169921875,36700300
2020-10-28,198.2946834325445,199.41186173741897,192.97615007156463,193.5299530029297,51195600
2020-10-29,194.8572249672143,197.9986908313189,194.18881495491607,195.47787475585938,31432600
2020-10-30,194.31295179301887,195.06728067422344,190.608110506775,193.32945251464844,36953700
2020-11-02,195.0672774818165,196.01258896348594,191.0855347795148,193.19577026367188,30842200
2020-11-03,194.68533211248038,198.72436357805273,193.95008988401975,197.11065673828125,27512000
2020-11-04,204.35804655865567,208.46392547796825,202.83027291474843,206.6210479736328,42311800
2020-11-05,212.0159499519229,214.00204965218953,211.16612977646565,213.2095184326172,36080100
2020-11-06,212.22600760843946,214.23120837473735,208.18697616938863,213.62010192871094,25231900
2020-11-09,214.3076524783654,217.8215117855544,208.04380618646806,208.53077697753906,44395000
2020-11-10,204.81631938415842,206.72602865580558,200.2521153905157,201.48387145996094,44045100
2020-11-11,202.80154450151608,208.19646654080216,202.62011981727022,206.77374267578125,29440800
2020-11-12,207.4040561304537,209.21827476022924,204.7782049416082,205.71395874023438,21593900
2020-11-13,206.5923733192708,207.60451701831292,204.4916957931553,206.735595703125,18621100
2020-11-16,205.16966806985056,207.9101115453344,204.83547759620686,207.42312622070312,24953300
2020-11-17,206.34411364526463,207.85277130198583,204.41530300487557,204.7781524658203,24154100
2020-11-18,204.53883958302632,205.99402291526192,201.93483345505712,202.0784454345703,28372800
2020-11-19,202.36560952624848,203.94523869108724,200.9774337417931,203.3612518310547,24792700
2020-11-20,203.1506716700391,204.19418482435066,201.0444941764718,201.41786193847656,22843100
2020-11-23,201.9539546502228,203.23680633815258,199.28294168158865,201.1497802734375,25683500
2020-11-24,200.65198958401243,205.11326647035582,199.9531246683301,204.73989868164062,33979700
2020-11-25,205.9365451088525,206.10886192206488,203.39956130497038,204.74942016601562,21012900
2020-11-27,205.68766777600618,207.0471097276896,204.91219818073947,206.05145263671875,14512200
2020-11-30,204.9696374397487,205.60148040979328,201.8486519158757,204.94091796875,33064800
2020-12-01,205.36215509436963,208.05233412004736,204.25163472473366,206.9896697998047,30904500
2020-12-02,205.71636091789838,206.2811966253991,203.72506159891105,206.18545532226562,23724500
2020-12-03,205.4578389081124,207.152360373299,204.53877220941484,205.10362243652344,25120900
2020-12-04,205.08450731483558,206.19504217699352,204.08885033218635,205.21853637695312,24666000
2020-12-07,205.22809463522196,206.3481977299115,203.90695526121635,205.15150451660156,24620000
2020-12-08,204.845190059829,207.69810302754718,203.8112452120222,206.79818725585938,23284100
2020-12-09,205.984443126197,206.0514503597692,202.2028949393342,202.76773071289062,32440600
2020-12-10,202.73900597977865,203.9931382813653,201.38913236634608,201.5423126220703,26733300
2020-12-11,201.09235074888988,204.22290460061276,200.19243502451116,204.1654510498047,30979400
2020-12-14,204.01225691285737,206.9896300960847,203.80163774686156,205.06533813476562,28798400
2020-12-15,205.9940097735343,206.23334844937955,203.18896750450304,204.9983673095703,27000600
2020-12-16,205.5919108063652,210.7233323076712,205.5631913355503,209.92872619628906,35023300
2020-12-17,210.4935202079465,211.47002584630346,208.6266819346683,210.06271362304688,32515800
2020-12-18,209.26817321777344,210.3212692956712,206.80777908388407,209.26817321777344,63354900
2020-12-21,208.27251867774226,214.44745359399022,208.01402881752463,213.0975799560547,37181900
2020-12-22,213.19333644262701,216.00796180865703,212.38916194035403,214.39002990722656,22612200
2020-12-23,213.59541130787824,214.0262180085377,211.38392425082907,211.59454345703125,18699600
2020-12-24,211.97747941450012,214.0740885793448,211.76686020838318,213.25076293945312,10550600
2020-12-28,214.87822542694408,216.3908473661043,213.50921543485993,215.36648559570312,17933500
2020-12-29,216.65893884295096,217.49183275361256,214.04536461399422,214.59104919433594,17403200
2020-12-30,215.62500694840796,216.00795761448887,212.0253583356928,212.2263946533203,20272300
2020-12-31,212.2455331622111,213.49009718851218,210.3116725862071,212.93482971191406,20942100
2021-01-04,213.04016419810185,213.49012212638644,205.64938391369034,208.4065704345703,37130100
2021-01-05,207.9948528511583,209.20112898306692,206.50138202886356,208.60755920410156,23823000
2021-01-06,203.1219572296807,207.25773679566413,202.90176972562557,203.19854736328125,35930700
2021-01-07,204.91215455439107,209.98613642014786,204.59624041863154,208.9809112548828,27694500
2021-01-08,209.35431096289832,211.17329358978736,207.77468161014076,210.2542266845703,22956200
2021-01-11,209.15326079150833,209.5744991531238,207.48745852732125,208.21505737304688,23031300
2021-01-12,207.26729032493492,207.84170898199775,204.22290942349233,205.7642364501953,23249300
2021-01-13,204.89306508775417,207.51620772033212,204.80689205921024,207.11412048339844,20087100
2021-01-14,206.70243845748877,208.1863410325463,203.66762608051243,203.93568420410156,29480800
2021-01-15,204.41435985792472,205.36213157006432,202.9878962340234,203.58145141601562,31746500
2021-01-19,204.63455257006677,207.7268039408653,203.5623200569144,207.2098388671875,30480900
2021-01-20,208.41612942216207,216.161125965196,208.02361046256806,214.77296447753906,37777300
2021-01-21,215.11762400129965,216.6493975484757,212.9348561918226,215.37611389160156,30709400
2021-01-22,217.39611606767164,220.2586119985924,216.17070316936838,216.31430053710938,30172700
2021-01-25,219.34911922375264,219.9809768749982,214.65808671545548,219.74163818359375,33152100
2021-01-26,221.97225283293037,224.19330805574725,220.26816270078035,222.42221069335938,49169600
2021-01-27,227.85037895390354,230.1863263527391,220.32557173690137,222.96786499023438,69870600
2021-01-28,225.56231304867134,232.29251457356312,225.064484577097,228.74072265625,49111200
2021-01-29,225.92611574790212,227.86954440379412,221.48399101899585,222.06797790527344,42503100
2021-02-01,225.03576910164196,232.15848963643907,222.5179218384246,229.43002319335938,33314200
2021-02-02,231.0096474945824,231.97657029626004,228.5109516249904,229.2959747314453,25916300
2021-02-03,229.35348721136774,234.6380749767332,229.05669496453717,232.63720703125,27158100
2021-02-04,232.31165077361996,232.86691814686066,230.11930074754287,231.68936157226562,25296100
2021-02-05,231.89999632428507,232.9052215570717,230.16718686803185,231.87127685546875,18054800
2021-02-08,232.78075482945962,233.28815157632502,230.54054867068731,232.1297607421875,22211900
2021-02-09,231.55534615768994,234.3221002924528,231.08625176555742,233.37432861328125,23565000
2021-02-10,234.55190049274034,235.43266505998918,230.61717210831472,232.46487426757812,22186700
2021-02-11,234.34128610793087,234.69550267810723,231.82343853140517,234.06365966796875,15751100
2021-02-12,233.52750445837592,234.83909021572526,232.37868184084263,234.5423126220703,16561100
2021-02-16,234.58064140295025,235.6337375078981,232.5606222256955,233.30735778808594,26728500
2021-02-17,231.56095614221252,234.43003030313588,231.19631876722457,234.32447814941406,21653500
2021-02-18,232.02150089094852,234.06535276526913,231.11951257604537,233.93101501464844,16925600
2021-02-19,233.89265696504796,233.9982091087317,230.46702209962763,231.22508239746094,25262600
2021-02-22,227.81867431804335,228.30804452001837,223.00168026849764,225.02635192871094,36446900
2021-02-23,221.01534892993712,225.33336682720707,219.48004782088785,223.83645629882812,30228700
2021-02-24,220.70830363621744,225.68842042273627,219.73915368791364,225.06471252441406,26339700
2021-02-25,222.69457334247465,225.10306244701493,218.6644263196848,219.7295379638672,39542200
2021-02-26,222.16682092029995,225.85152606966585,220.25729214925016,222.98245239257812,37819200
2021-03-01,226.36012771406476,227.86664347335775,223.72133853509243,227.3580780029297,25324000
2021-03-02,227.4252175123957,227.70349799818933,224.00918764921863,224.41220092773438,22812500
2021-03-03,222.77137159897669,224.1339445433861,218.06952053441296,218.35739135742188,34029500
2021-03-04,217.57054857019696,223.08801625993092,215.19083022458815,217.56094360351562,44727800
2021-03-05,220.23813818964663,223.83648692978852,217.30188796036578,222.23402404785156,41872800
2021-03-08,222.01327174889764,223.93239070497876,217.94474893270365,218.19422912597656,35267400
2021-03-09,223.4622232211294,225.8611219944867,222.30114977246933,224.32582092285156,33080500
2021-03-10,227.41562829059083,227.41562829059083,222.6562061675543,223.02084350585938,29746800
2021-03-11,225.45811704228768,229.49785452570518,224.8343945532657,227.5403594970703,29907600
2021-03-12,224.54653232236623,226.28334746335574,223.79807702037834,226.21617126464844,22653700
2021-03-15,225.458121186163,225.67881578579735,222.4354997800782,225.31417846679688,26034900
2021-03-16,226.724715623145,230.35184933196322,226.39846890984123,228.09689331054688,28092200
2021-03-17,226.6000177196356,228.90296978894895,223.7981051474322,227.4540252685547,29562100
2021-03-18,223.15518889547872,224.719275803559,221.01537498492127,221.3896026611328,34833000
2021-03-19,221.67747963958135,223.06883823635602,220.07501674352017,221.03457641601562,46430700
2021-03-22,220.95781993782433,227.31969089953785,220.8330724893745,226.44650268554688,30127000
2021-03-23,227.88584162612725,231.3018718634521,227.48282830347065,227.97219848632812,31638400
2021-03-24,228.23124345357456,228.3751715285235,225.80355897799103,225.93789672851562,25620100
2021-03-25,225.78436397622824,227.35804104512198,222.20521097132493,222.94406127929688,34061900
2021-03-26,222.18604950172028,227.13738102401882,222.18604950172028,226.9166717529297,25479900
2021-03-29,227.02217262899796,227.2236865610609,222.50265570204917,225.72677612304688,25227500
2021-03-30,224.08596063121217,224.3930267427671,221.7542377436791,222.47390747070312,24792000
2021-03-31,223.49102583020917,229.4307019873928,222.9920507477263,226.23536682128906,43623500
2021-04-01,228.8261747651646,233.01944545451641,228.42316149759984,232.5492706298828,30338000
2021-04-05,232.94269441038907,239.85153557551078,232.88512317429942,238.99752807617188,36910600
2021-04-06,237.59658162885503,239.3141870764356,236.89610713655097,237.8364715576172,22931900
2021-04-07,237.7884540717137,240.7822752368662,237.1935318252326,239.79393005371094,22719800
2021-04-08,242.54789934961562,243.8624913984209,241.80903431175963,243.00848388671875,23625200
2021-04-09,242.64384338315648,245.63767943978883,242.23123976274744,245.5033416748047,24326800
2021-04-12,244.4094444364362,247.24974743747651,244.3230729403919,245.5609130859375,27148700
2021-04-13,246.85629007953642,248.70823291456193,246.44365723287845,248.03652954101562,23837500
2021-04-14,247.06744236464007,248.3628245342874,244.84125683021273,245.2538604736328,23070900
2021-04-15,247.49911541167668,249.41823395112306,247.30722112778705,249.00563049316406,25627500
2021-04-16,248.97694169506377,250.44506677724812,247.18256984833138,250.19557189941406,24878600
2021-04-19,249.66781662573698,250.9056567188117,247.39366504124206,248.2764434814453,23209300
2021-04-20,247.39367885760478,249.6774355364168,246.45329984767133,247.81588745117188,19722900
2021-04-21,248.46837538255164,250.1379997844997,246.84671724920173,250.0420379638672,24030400
2021-04-22,249.6869831956242,251.19349872251507,245.30180365019515,246.7699432373047,25606200
2021-04-23,247.45125490577422,250.93446122870813,246.86590827372385,250.58900451660156,21462600
2021-04-26,251.07837562429333,251.82683096234217,249.6486411501395,250.97280883789062,19763300
2021-04-27,251.00156644683852,252.54647250197712,249.60061774649762,251.3758087158203,31014200
2021-04-28,245.72397701053836,246.16539545227755,242.72056581581106,244.2654571533203,46903100
2021-04-29,245.12911354726194,245.74323113487725,238.93035179332017,242.29840087890625,40589000
2021-04-30,239.64040697084403,242.84533234959014,239.5060692196905,241.98171997070312,30945100
2021-05-03,243.15242867019677,244.0640221231167,240.96463366662786,241.67471313476562,19626600
2021-05-04,240.8206790565612,241.0509786364311,235.821366992888,237.76927185058594,32756100
2021-05-05,238.98794170962884,239.41015032943804,235.8789775850692,236.502685546875,21901300
2021-05-06,236.48345929785845,239.75556103135267,234.79463968140215,239.6308135986328,26491100
2021-05-07,241.95295146590863,244.0160134266029,241.01258714133363,242.25042724609375,27032900
2021-05-10,240.72472211515404,241.54994399092692,237.126373466444,237.18394470214844,29299900
2021-05-11,234.66033134956947,236.6274316946523,232.7604072125957,236.2723846435547,33641600
2021-05-12,232.37656498927853,234.4971983156802,228.4423791025512,229.3347625732422,36684400
2021-05-13,232.02149758522427,235.66782673232748,231.65686027799902,233.20175170898438,29624300
2021-05-14,235.64860964627036,239.10301485424296,235.56225281045695,238.1146697998047,23901100
2021-05-17,236.57943823986372,236.6178141840923,233.67197362740927,235.26483154296875,24970200
2021-05-18,236.31075341180204,236.44509117389674,233.07702751284302,233.249755859375,20168000
2021-05-19,230.1624510972941,233.9326086171046,229.47959883359417,233.82681274414062,25739800
2021-05-20,234.63471685255448,238.47219104144915,234.5385334489795,237.05838012695312,21800700
2021-05-21,238.10670075398016,238.83764464564823,235.3848750918042,235.79843139648438,21863100
2021-05-24,238.31831706682158,241.55951010552934,238.04902113207515,241.19403076171875,21411500
2021-05-25,242.14617519695508,243.0887108966254,241.23249158269627,242.09808349609375,17704300
2021-05-26,241.81915798529013,243.27144808873797,241.16515782189026,241.8768768310547,17771600
2021-05-27,241.56909978446225,241.86724777869244,239.72249297377158,239.7801971435547,24426200
2021-05-28,241.40558245087644,242.44430145913847,240.02062377319373,240.1360321044922,18270200
2021-06-01,241.62685448541734,241.68455866726802,237.52008367139496,237.94325256347656,23213300
2021-06-02,238.64533650633828,239.74175988362455,236.44286260535492,237.84706115722656,19406700
2021-06-03,235.84653488909666,236.9237185044888,233.7113925974972,236.31781005859375,25307700
2021-06-04,238.28946553877864,242.0307712219281,238.0490216910813,241.20364379882812,25281100
2021-06-07,240.42459870903608,244.3774959981243,240.2610986600382,244.1082000732422,23079200
2021-06-08,245.40656740508024,246.22408220811877,242.85785427977055,242.9155731201172,22455000
2021-06-09,244.10818292342645,245.76243758892673,243.53112655730328,243.89659118652344,17937600
2021-06-10,244.5698698827459,247.6186962627723,243.97357380684068,247.4071044921875,24563600
2021-06-11,248.12838060404275,248.60926821595868,246.8011260989867,248.0322265625,18999700
2021-06-14,248.04179706813915,250.01345367071642,246.98383856810347,249.95574951171875,19150500
2021-06-15,249.8403442855341,250.05193601301735,247.8302375499688,248.48423767089844,18038900
2021-06-16,249.4844775814327,250.6193652575854,244.69484126039774,247.5417022705078,27220000
2021-06-17,246.2817930408126,251.74466936618765,246.22408887442882,250.92715454101562,27565500
2021-06-18,249.70574877610207,252.27367262643241,248.85938173817627,249.5133819580078,37202200
2021-06-21,249.88847807213403,253.44702925067534,248.0611107803367,252.591064453125,26696100
2021-06-22,252.67761578477896,255.63027309111683,252.36984063503186,255.36097717285156,24694100
2021-06-23,255.82265225379285,256.6305401403005,254.3222848429845,255.1301727294922,19518700
2021-06-24,255.98614034624336,257.61154309721616,255.32251298159505,256.4958801269531,21446900
2021-06-25,256.053509512453,257.03450998511664,254.6396983115514,254.88973999023438,25611100
2021-06-28,256.0149822485252,258.6213852234761,255.74568632511017,258.4482727050781,19590000
2021-06-29,258.5924367686094,261.26617006576964,257.73647229037147,261.0257263183594,19937800
2021-06-30,260.34298777501124,260.98736086236244,259.29465610147,260.5449523925781,21656500
2021-07-01,259.3042174129385,261.44898683933064,259.2946196189184,261.2181701660156,16725300
2021-07-02,262.391594122123,267.3735840761219,262.0838189235368,267.0369567871094,26458000
2021-07-06,267.40236092120523,268.6911361826912,263.81492881537,267.0465087890625,31565600
2021-07-07,268.71999662413555,269.9606949040537,266.55600233060557,269.229736328125,23260000
2021-07-08,266.3156538091958,268.07571956761524,264.363250544274,266.8157958984375,24618600
2021-07-09,265.18074464609816,267.42166866870554,264.7960403125206,267.3158874511719,23916700
2021-07-12,268.4891758346326,269.07584463447415,266.0077793129093,266.7195129394531,18931700
2021-07-13,266.9118604799698,272.03813906947397,266.7868543506358,270.2396240234375,26120100
2021-07-14,271.5572025513539,272.81712557126133,269.8259897786008,271.7110900878906,23113700
2021-07-15,271.22067359330885,271.7111884591669,269.1336079777888,270.2877502441406,22604200
2021-07-16,271.28792181591155,273.2403241834957,268.7776734284187,270.01837158203125,26186800
2021-07-19,268.267917410176,269.65287588063586,263.95918381411985,266.42132568359375,32935600
2021-07-20,267.40239850810826,270.2300203759046,265.70006671057956,268.6430969238281,26259700
2021-07-21,268.23911651623393,270.75896302355244,266.69067242244347,270.6435546875,24364300
2021-07-22,272.99026155226005,275.4716579349154,272.58633241623176,275.2023620605469,23384100
2021-07-23,276.38540254707505,278.9052494950487,275.5486626133189,278.5975036621094,22768100
2021-07-26,277.9530521274675,278.6166794096968,275.68327658614254,278.0011291503906,23176100
2021-07-27,278.3666124668251,278.51087288872895,272.1343274321578,275.58709716796875,33604100
2021-07-28,277.94340359284985,279.0590663386957,272.98064007555604,275.279296875,33566900
2021-07-29,275.2985435397369,277.5875733755724,275.1446559746078,275.5486145019531,18168300
2021-07-30,274.26954124538486,275.70257739504893,273.05769468329794,274.01947021484375,20944800
2021-08-02,275.4139435469008,275.8082749172966,272.8940971151015,273.9328308105469,16267400
2021-08-03,274.50992752859145,276.2507385273349,273.1441936458983,276.1449279785156,17879000
2021-08-04,275.2792740204176,276.5969012290769,273.769280048737,275.5581970214844,16191300
2021-08-05,275.9140841592982,278.55896605599236,275.1639006499143,278.4531555175781,13900200
2021-08-06,277.48180834700514,278.4339565262084,276.62581421943787,278.3954772949219,16589300
2021-08-09,278.67438860321397,280.40557237439197,276.8085422037399,277.30865478515625,16117600
2021-08-10,277.7607120388484,278.1935226909762,274.2983442260447,275.4909362792969,18616600
2021-08-11,276.2314258515103,277.6260115252924,274.9330235605834,275.98138427734375,13955900
2021-08-12,275.6736478943844,278.88597374560374,275.3947248502605,278.7320861816406,14561300
2021-08-13,278.41476627205253,281.7040218560263,278.24162438521927,281.65594482421875,18249000
2021-08-16,281.98294340140507,283.55064206366075,278.9341023443054,283.33905029296875,22507600
2021-08-17,281.213446835132,282.2136718464197,279.95349440073016,281.8770446777344,20075300
2021-08-18,281.4145875343293,284.09344038644264,279.7089674078397,280.1522521972656,21813000
2021-08-19,278.1864346679161,286.6469859033091,278.1382656084222,285.9724426269531,29850500
2021-08-20,288.81512041303324,294.71244831740665,287.21551359465093,293.2862854003906,40817600
2021-08-23,292.21673851879405,294.2885083597371,290.8676811391506,293.5657958984375,22830200
2021-08-24,293.9222620885944,294.5293451223388,291.0121511635646,291.6095886230469,18175800
2021-08-25,293.228511364618,293.50796840478165,289.4897037639269,291.0218505859375,20006100
2021-08-26,290.03893440127865,291.426544578333,288.0731778231543,288.20806884765625,17666100
2021-08-27,288.1116739143192,289.92327755138285,286.0302588466658,288.81512451171875,22605700
2021-08-30,290.1642382786574,293.15145574767917,290.106423632768,292.54437255859375,16348100
2021-08-31,293.34420103292587,293.4212774277083,290.53042740378993,290.8966064453125,26285300
2021-09-01,291.85055818104365,294.08615577563324,290.5207625531025,290.848388671875,18983800
2021-09-02,291.20496087003505,292.3227302959744,289.2584364332611,290.1931457519531,16285600
2021-09-03,290.03893618886394,291.59037412727884,289.33551492747904,290.1835021972656,14747900
2021-09-07,290.05824109463697,290.13531748316177,287.3504808113143,289.2584228515625,17180400
2021-09-08,288.8729444557402,289.67273318736136,286.6469927606512,289.28729248046875,15046800
2021-09-09,289.8751463205612,291.1471272624396,286.1941239314484,286.4350280761719,19927000
2021-09-10,287.56250269932383,289.0079277198995,284.6330997569278,284.9510803222656,19633400
2021-09-13,286.7241016921292,287.6781021035082,283.38035098235275,286.1844787597656,23652900
2021-09-14,288.66098698942704,290.4244218394307,287.25411498430714,288.88262939453125,21853400
2021-09-15,292.2263443776221,294.211391982283,290.8387342879429,293.7295837402344,28356300
2021-09-16,292.70820968009997,294.20180375871473,289.81735966426726,294.1150817871094,19550800
2021-09-17,293.1032240780458,293.42120456252405,288.63202970257026,288.95965576171875,41372500
2021-09-20,285.5484559338163,287.8515134151559,278.98623011838976,283.5923156738281,38278700
2021-09-21,284.93185181105866,286.7145487591603,283.3707973119077,284.07421875,22364100
2021-09-22,285.9339770236081,289.29698969688434,283.7947469001605,287.7166442871094,26626300
2021-09-23,287.9767902418922,289.9521922582794,286.70480943359127,288.66094970703125,18604600
2021-09-24,287.3793115337563,288.89216683736635,286.1265926479854,288.45855712890625,14999000
2021-09-27,285.365335722305,285.6833161515632,282.28175190179695,283.4670104980469,23571700
2021-09-28,279.25613259627204,280.200487632406,272.4626460233125,273.2046203613281,43186200
2021-09-29,274.72706776293006,276.3362908365867,272.713112823429,273.6670837402344,26353700
2021-09-30,275.31486617919455,277.35772848518707,271.3736781629652,271.66278076171875,32343600
2021-10-01,271.8554890446492,279.42953021502547,271.05570026891905,278.58154296875,30086300
2021-10-04,276.9434021661116,277.28067385415983,270.0535494270314,272.8094787597656,31350700
2021-10-05,273.7152514221425,279.83422199721866,273.7152514221425,278.25390625,24993000
2021-10-06,275.38232168306524,282.94671707548684,275.1221558151547,282.44561767578125,28002600
2021-10-07,284.4402643887922,285.8471654194184,283.22612779643686,284.1222839355469,20430500
2021-10-08,285.44243361714194,285.8471654194184,283.0719456530571,284.1222839355469,17685700
2021-10-11,282.2625366597223,287.128787851861,282.09870892799114,283.5248718261719,19298600
2021-10-12,284.5945181012245,284.69088564097564,281.7133139283031,282.2240295410156,17974100
2021-10-13,284.18014809161934,286.46391451193523,282.81179971016536,285.5292053222656,23416300
2021-10-14,288.323743494712,292.23602492950124,286.99394774852544,291.7349548339844,27262900
2021-10-15,291.33982641094127,293.3730726386509,289.5860372188823,293.14178466796875,25384800
2021-10-18,292.52505628022925,296.99622136989956,291.67706908893643,296.1097106933594,22729300
2021-10-19,297.1311627256362,298.046580784232,296.04227134224186,297.0155334472656,17682100
2021-10-20,297.95983967544254,298.4320317414315,294.9726227448066,296.225341796875,16537100
2021-10-21,295.9940811288246,299.70398097618084,295.21352474111114,299.4534606933594,16918100
2021-10-22,299.10658782442397,299.77148563337295,296.6011787740469,297.9117126464844,17449300
2021-10-25,298.1043577788396,298.14291066917554,295.3098760778801,296.91912841796875,17554500
2021-10-26,299.6848119858874,301.0338695667533,297.37213764622436,298.8271789550781,28107300
2021-10-27,304.50272403156487,314.23525368743805,304.50272403156487,311.411865234375,52588700
2021-10-28,312.5296895645361,313.05005064705665,309.6677477215304,312.5489807128906,26297900
2021-10-29,312.33705592687465,319.9207139283914,312.11541352037625,319.5545349121094,34766000
2021-11-01,319.30397060914856,319.429245467658,314.4955333639382,317.3863830566406,27073200
2021-11-02,318.2921163018297,321.3178857761328,317.99339758395104,321.009521484375,26487100
2021-11-03,321.75153286235326,322.7151493305887,318.6197793405882,321.847900390625,21500100
2021-11-04,320.7783004950608,324.2954947256181,317.52127212453837,324.1991271972656,23992200
2021-11-05,326.1938803589028,326.46369184358485,322.25269180428967,323.8330078125,22570100
2021-11-08,325.0278142034985,325.3650858397293,322.27188529417714,324.7290954589844,20897000
2021-11-09,324.84472843590123,326.39616621738094,322.35861092573055,323.7269592285156,21307400
2021-11-10,322.39719647909817,322.4550111195703,317.916385399046,318.76434326171875,25500900
2021-11-11,319.197991984075,321.62629517799496,318.48492512550797,320.3350524902344,16849800
2021-11-12,321.7708793286239,324.96044803422893,321.6456044610585,324.468994140625,23831000
2021-11-15,325.25919965579993,325.5868258155104,321.876895519254,323.8426818847656,16723000
2021-11-16,323.4668329496531,328.2753000737165,323.3030345857247,327.1575012207031,20886800
2021-11-17,327.2057248474174,330.34320817217764,326.2982657750648,327.3794860839844,19053400
2021-11-18,326.47202852171574,330.5942177948435,325.44872862025187,329.4550476074219,22463500
2021-11-19,330.7776841426584,333.15250973725915,330.3529147568212,331.23138427734375,21963400
2021-11-22,332.68911800842596,337.564302737887,327.7946362926537,328.06494140625,31031100
2021-11-23,325.3810946323552,327.6980286162595,322.0119301646363,325.9892883300781,30427600
2021-11-24,324.63782194134853,326.45274014228477,322.34987720586537,326.2113952636719,21661300
2021-11-26,322.77466242134005,326.230708290166,316.76033714457986,318.2663269042969,24217200
2021-11-29,323.3442446492078,327.2926436665053,323.1511569453452,324.9757385253906,28563500
2021-11-30,323.71106155688426,326.0858868817991,317.6001928133879,319.1448059082031,42885600
2021-12-01,323.5276501773053,327.5339693788618,317.9863810414146,318.6524658203125,33337600
2021-12-02,318.8648101968354,321.94437289922337,316.4513616502016,318.0828552246094,30766000
2021-12-03,320.49632899700646,321.1817696501505,307.01963950096615,311.8272399902344,41779300
2021-12-06,312.73471501105405,316.11354341449044,308.1781223856923,314.89715576171875,30032600
2021-12-07,320.1584467996634,324.1743992838451,318.6717542353688,323.32489013671875,31021900
2021-12-08,323.70142498514247,323.8848494624371,319.3475536468009,323.3731994628906,24761000
2021-12-09,322.83254633757906,324.84052263649073,320.62181914163386,321.5679016113281,22214200
2021-12-10,323.38285472943636,331.12518817346324,323.19943025665486,330.6811218261719,38095700
2021-12-13,328.8854647941473,331.8878102110468,327.3408517779993,327.6497802734375,28899400
2021-12-14,321.683712251311,323.05456390849514,312.8890909419122,316.97265625,44438700
2021-12-15,317.23333915012444,323.5855526741377,313.26564359900055,323.0642395019531,35381100
2021-12-16,324.0875129645706,325.1011790200771,311.83684591434667,313.6517639160156,35034800
2021-12-17,309.77092210537467,313.6710628222482,306.2665904465463,312.5898132324219,47750300
2021-12-20,308.96976308321786,311.62455727439425,306.57564026770206,308.8346252441406,28326500
2021-12-21,312.0975879363911,316.3838758381777,308.7283930038444,315.9591064453125,24740600
2021-12-22,316.93407613844363,322.06023889539006,314.4723702128299,321.6644592285156,24831500
2021-12-23,321.2300361252478,324.7440317285957,321.2107391407732,323.1028747558594,19617800
2021-12-27,323.8461853067577,330.62316796902155,323.817225101408,330.5942077636719,19947000
2021-12-28,331.2699450024373,331.9070989605817,328.5379341826007,329.43572998046875,15661500
2021-12-29,329.4840519448849,332.38019079981586,327.92014167698994,330.111572265625,15042000
2021-12-30,330.0729001077908,331.25066424671456,327.0898810628788,327.57257080078125,15994500
2021-12-31,326.79054402866825,327.6110928340992,324.22263165154,324.6763610839844,18000800
2022-01-03,323.7400307283668,326.29828058631676,318.3628596847403,323.1607971191406,28865100
2022-01-04,323.2380239826921,323.5952391659229,314.82957629356036,317.6195373535156,32674300
2022-01-05,314.5786305205787,314.78138147960226,305.040703358271,305.4268493652344,40054300
2022-01-06,302.30856806148427,307.66644167118665,300.7060346434731,303.0133056640625,39646100
2022-01-07,303.27396324795524,305.5426109592931,299.35452484498177,303.16778564453125,32720000
2022-01-10,298.77528825214137,303.82423357931884,294.1414784951119,303.3898010253906,44289500
2022-01-11,302.5306735629834,305.6488309169334,299.16150807736625,304.0752868652344,29386800
2022-01-12,308.6028364262324,312.2133458454884,306.10247793014696,307.25128173828125,34372200
2022-01-13,309.37515937724777,309.7709684945666,293.4753583562799,294.2476501464844,45366000
2022-01-14,293.7166743042593,300.05922385700916,293.2339846176459,299.460693359375,39846400
2022-01-18,293.54294042354564,299.0745458921932,291.2935897762765,292.1720886230469,42333200
2022-01-19,295.68612760781065,303.0423154877073,292.2204183595071,292.8285827636719,45933900
2022-01-20,298.3698641905101,300.8605304633222,290.71441143988926,291.1584777832031,35380700
2022-01-21,292.2106800557735,293.58150224513423,285.37577770702404,285.78125,57984400
2022-01-24,282.08388134377833,286.82386842126607,266.49297997417904,286.1094970703125,85731500
2022-01-25,281.4274796851813,284.77734842437496,275.2973421558161,278.50238037109375,72848600
2022-01-26,297.3272554358608,297.819608462475,282.88518477863767,286.4377746582031,90428900
2022-01-27,292.18181992971034,296.6611663626569,287.6155633991125,289.4594421386719,53481300
2022-01-28,289.8358945088993,297.80027529096344,284.2560022424525,297.587890625,49743700
2022-01-31,298.2539651589988,301.5652092942881,295.76326991115974,300.21368408203125,46444500
2022-02-01,299.66342677802413,299.8758114270801,294.56622466172195,298.070556640625,40950400
2022-02-02,298.91045860750387,304.21038262271304,298.1864239841783,302.60784912109375,36636000
2022-02-03,298.7753051603236,300.45508559766955,289.57523929937065,290.8205871582031,43730000
2022-02-04,289.8166003905514,298.10920758842764,289.584918714947,295.3482360839844,35096500
2022-02-07,295.5701954690197,297.18236241397534,289.51724835738645,290.5309143066406,28533300
2022-02-08,290.8205269091974,294.98130951821844,289.56554554844485,294.01593017578125,32421200
2022-02-09,299.1421858268908,301.130865538338,296.74806316280615,300.435791015625,31284700
2022-02-10,293.51394069905155,298.4180547485802,290.28957726166584,291.9114074707031,45386200
2022-02-11,292.6933981582962,293.755321446796,284.03394330282464,284.8255615234375,39175600
2022-02-14,283.599498987924,286.4860034605709,281.263297311286,284.78692626953125,36359500
2022-02-15,289.62349961792046,290.3861281751453,286.7369950149994,290.06756591796875,27058300
2022-02-16,288.6358343081328,291.05427315111,284.09884067695083,289.7289733886719,29982100
2022-02-17,286.6914169855192,287.1170646088115,280.53892237568306,281.2451171875,32461600
2022-02-18,283.4894271936835,284.2729991216109,276.9693246500047,278.5364685058594,34264000
2022-02-22,275.70205013593005,282.02869492098785,275.21836232867406,278.33331298828125,41736100
2022-02-23,280.7130382995433,282.1834680729997,270.9619054573808,271.1263427734375,37811200
2022-02-24,263.6195175824751,285.530567636646,262.66179572392394,284.9791564941406,56989700
2022-02-25,285.5113151425781,287.92007149964275,282.13515343860865,287.6105041503906,32546700
2022-02-28,284.7083218045915,289.38076267083534,283.44106207991604,289.04217529296875,34627500
2022-03-01,286.7301612299099,290.18369968046295,282.61881436647946,285.3274841308594,31217800
2022-03-02,285.72401365770156,291.634693317186,284.1181963061909,290.3964538574219,31873000
2022-03-03,293.0083549237446,293.24051557735214,284.45673023777056,286.2657470703125,27314500
2022-03-04,284.6889072106973,286.0142067501704,277.80119926818253,280.4034118652344,32356500
2022-03-07,279.1169415948608,280.23910107836906,269.4431834838935,269.810791015625,43157200
2022-03-08,268.7369507911687,274.695988493688,261.19143233256847,266.8505859375,48159500
2022-03-09,274.19297192414876,280.1520098038728,271.6197490086795,279.087890625,35204500
2022-03-10,273.7866342304661,277.2498554429739,271.42623538275626,276.2727966308594,30628000
2022-03-11,278.5655327460865,280.064982979648,270.31381818577063,270.9329528808594,27209300
2022-03-14,271.19405384683813,276.0889716905132,266.8215270580334,267.4212951660156,30660700
2022-03-15,271.2037487581612,278.4300454950149,269.63660504784883,277.7818908691406,34245100
2022-03-16,279.67793426336954,284.95982608211176,273.96077067732267,284.78570556640625,37826300
2022-03-17,283.72153460608763,285.9658230600183,279.92941011159456,285.58856201171875,30816600
2022-03-18,285.73377364082944,291.1801038956817,283.1799169846614,290.6286926269531,43390600
2022-03-21,289.1388741774251,290.348093539092,285.27902590005374,289.4000549316406,28351200
2022-03-22,290.01922877865013,295.04959432677754,289.0228329688514,294.1402587890625,27599700
2022-03-23,290.70601066797377,293.3372731157682,288.00702485230534,289.7192687988281,25715400
2022-03-24,289.380749871962,294.2756680245102,288.58749479820733,294.1789245605469,24484500
2022-03-25,295.27209408375734,295.5332748935633,289.5258800923185,293.77264404296875,22566500
2022-03-28,294.4014512941623,300.6603736261478,294.4014512941623,300.56365966796875,29578200
2022-03-29,303.6688403450475,305.5165310537255,298.9673801627558,305.1199035644531,30393400
2022-03-30,303.52379996649006,305.6423550476428,301.41489856711223,303.6205139160156,28163600
2022-03-31,303.6592133025089,304.858779193998,297.84530566978634,298.2515869140625,33422100
2022-04-01,299.27699192361627,300.01220684451596,295.57195627521304,299.32537841796875,27110500
2022-04-04,299.9734475006185,304.82966159533413,299.60584010885947,304.6942443847656,24289600
2022-04-05,303.04974427141804,304.59755113932056,299.7606731283504,300.73773193359375,23156700
2022-04-06,295.23334255704475,296.9842899176036,287.0299873737609,289.7289733886719,40110400
2022-04-07,286.98157322583967,293.7435174364889,286.68168923081777,291.53790283203125,31411200
2022-04-08,290.63834994645777,291.2961583197062,286.61406359876185,287.28155517578125,24361900
2022-04-11,282.27054447193905,283.06377005501855,275.70205565183903,275.9535827636719,34569300
2022-04-12,279.80375250936805,281.25481613450495,271.33921469606946,272.8580017089844,30966700
2022-04-13,273.5061508141746,279.1652752180004,272.12278108336227,278.2366027832031,21907200
2022-04-14,278.6913092334907,278.90413310453835,270.20743353057696,270.7007751464844,28221600
2022-04-18,269.8107947085954,273.2449670762064,269.2593834034509,271.3682556152344,20778000
2022-04-19,270.2653715965898,276.83385950003543,269.32701618181187,275.9922180175781,22297700
2022-04-20,279.95849984253823,280.24873024308215,276.05997725645005,277.0176696777344,22906700
2022-04-21,279.1652405373938,283.73125459736195,270.9232109682988,271.64874267578125,29454600
2022-04-22,272.4903841306375,273.96081411049454,264.46117751038287,265.0899658203125,29405800
2022-04-25,264.3740824976134,271.93893715298736,261.9362771237636,271.5616760253906,35678900
2022-04-26,268.44669768793943,269.27862643636087,261.1913815342113,261.4042053222656,46518400
2022-04-27,272.89670744793256,281.47732570453576,270.0526203554486,273.98016357421875,63477700
2022-04-28,275.88584973003594,281.4869627202717,272.2775281140742,280.1809997558594,33646600
2022-04-29,279.1942562573067,280.4228421568128,267.47935197429007,268.466064453125,37073900
2022-05-02,268.6498925117606,275.6440293239036,267.2085121919129,275.1893615722656,35151100
2022-05-03,274.6959996581533,274.8604665193033,271.0103005471974,272.5871276855469,25978600
2022-05-04,273.37067229887913,281.39022443680767,267.7018653489587,280.51959228515625,33599300
2022-05-05,276.22441306115445,277.0079848672341,265.3897954748828,268.3016052246094,43260400
2022-05-06,265.8445279493737,270.13967864846,262.4200095223799,265.76715087890625,37780300
2022-05-09,261.2494247709762,263.4743766088099,254.7293233579173,255.9481964111328,47726000
2022-05-10,262.8262266216796,264.81901759782835,256.42220615250693,260.7076721191406,39336400
2022-05-11,257.01235492970693,262.507041521962,250.84049357545095,252.04971313476562,48975900
2022-05-12,249.28303414533278,251.4015891851371,241.86326466522425,247.01937866210938,51033800
2022-05-13,248.95410945636132,254.45847882495977,247.0193583116015,252.60110473632812,34925100
2022-05-16,251.47899829857158,257.14783569365153,247.43537464280422,252.96876525878906,32550900
2022-05-17,257.4282849486114,259.57585977965135,253.89737021197146,258.1151428222656,28828800
2022-05-18,255.01233656992056,255.59411968175985,245.09303956011053,246.36325073242188,31356000
2022-05-19,246.18875585167464,249.84427550605224,244.2301162531535,245.45184326171875,32692300
2022-05-20,249.42730580573198,250.6878410141278,238.95532648602892,244.8894500732422,39199300
2022-05-23,247.73046089939714,253.5579245072491,245.73301319601697,252.73373413085938,33175400
2022-05-24,250.05754672530148,253.3930420574841,245.80086274871203,251.7349853515625,29043900
2022-05-25,250.29997184139762,256.5443535711688,249.32063736572647,254.5469207763672,28547900
2022-05-26,254.3044925724609,258.9974916357113,253.49000806634814,257.8242492675781,25002100
2022-05-27,260.32599254493937,265.0383750636655,259.4339208862347,264.94140625,26910800
2022-05-31,264.2528428555712,266.42480113559037,260.7621744836031,263.6128845214844,37827700
2022-06-01,266.84186825760014,269.25623459703166,261.8385798988137,264.14630126953125,25292200
2022-06-02,256.4183173881909,266.30851221318625,253.65486971991317,266.2406311035156,44008200
2022-06-03,262.1002923632558,265.14494022982973,260.25800402669876,261.819091796875,28059000
2022-06-06,263.7971760802352,265.85278414550214,259.10417682407206,260.58770751953125,22400300
2022-06-07,258.54186576604843,264.83474789857866,257.86311369538305,264.223876953125,22860700
2022-06-08,263.4577402676367,264.70856926494747,261.42151458591775,262.1972351074219,17372300
2022-06-09,259.64716611698157,264.4274283960142,256.59284170053377,256.74798583984375,26439700
2022-06-10,252.66584504493977,252.66584504493977,244.86034549346968,245.30638122558594,31422800
2022-06-13,237.66571545060387,241.45696760455806,234.19444257567676,234.9022674560547,46135800
2022-06-14,236.45368903404812,238.27659598406217,234.17505534653057,237.06455993652344,28651500
2022-06-15,240.76847749584994,247.54618679802817,238.93588001694107,244.1136932373047,33111700
2022-06-16,238.5092880231499,239.9055558620673,235.639195061252,237.52996826171875,33169200
2022-06-17,237.26815342919429,242.892003168209,236.61850393867869,240.12855529785156,43084800
2022-06-21,242.65928121254296,247.0129195467826,241.9320596633375,246.03359985351562,29928300
2022-06-22,244.23979365415195,249.35944724213846,242.76595376071094,245.442138671875,25939900
2022-06-23,247.80806538921993,251.49264337760505,245.92698295357496,250.9981231689453,25861400
2022-06-24,253.85842374999757,259.8410443446539,253.77116073982518,259.5695495605469,33923200
2022-06-27,260.06411562547476,260.1513786610391,255.28385304721854,256.844970703125,24615100
2022-06-28,255.96261499134835,258.8036202038124,248.5352550148448,248.69039916992188,27295500
2022-06-29,249.76665390613857,254.0136323572645,247.9922316052621,252.35557556152344,20069800
2022-06-30,249.24305888897192,251.64774884681984,245.21910548593416,249.0297393798828,31730900
2022-07-01,248.60315448518915,251.88047513446844,246.87720152441233,251.6962432861328,22837700
2022-07-05,248.38015387361193,254.9930303742035,247.00328254842208,254.86697387695312,22941000
2022-07-06,255.73959933597524,259.8508160325724,254.4305945207555,258.1248779296875,23824400
2022-07-07,257.06794077182286,260.88827998765817,256.9709719895022,260.2483215332031,20859900
2022-07-08,256.7479931048278,259.9574617514012,255.29355004720045,259.53082275390625,19658800
2022-07-11,257.5818628153171,258.4351408209991,254.2172499828831,256.47650146484375,19455200
2022-07-12,257.80490257305115,257.8630779320997,244.38522912726302,245.96572875976562,35868500
2022-07-13,242.59142655470853,245.84937984355258,240.57459691919928,245.04458618164062,29497400
2022-07-14,242.95985947563167,247.39105474069336,238.47047406309875,246.36325073242188,25102800
2022-07-15,247.95348214538913,252.4622502240855,247.03233772876274,248.92311096191406,29774100
2022-07-18,251.86106474959863,252.91795652335915,245.60696234722735,246.52810668945312,20975000
2022-07-19,249.75694779239916,251.83196741615714,245.9754017765108,251.64773559570312,25012600
2022-07-20,252.00653450982264,256.8255911221819,251.046611408544,254.30455017089844,22788300
2022-07-21,251.8998947859146,256.8450079874524,249.2237096105759,256.7965087890625,22404700
2022-07-22,257.18430744869886,257.27157048099224,251.2017149281793,252.4525146484375,21881300
2022-07-25,253.07314768973444,253.55796214891018,249.01040015458366,250.9690399169922,21056000
2022-07-26,251.9677179235894,251.98712943704783,241.9902591873935,244.24948120117188,39348000
2022-07-27,253.22826018562694,261.8482448041291,250.98842003172433,260.5780334472656,45994000
2022-07-28,261.5573746966984,269.40166831465785,259.7344677770861,268.0151062011719,33459300
2022-07-29,269.26597233236413,273.4353649978129,268.22846224992406,272.213623046875,32152800
2022-08-01,269.3822964700081,272.7372040337669,267.4624206782317,269.5665283203125,21539600
2022-08-02,267.61754353157727,269.45015613104664,264.10749207919315,266.473388671875,22754200
2022-08-03,268.3544501034442,274.8897381119249,268.20898212498906,273.8910217285156,23518900
2022-08-04,273.24130703954415,275.18056409331155,271.66083739692374,275.0351257324219,18098700
2022-08-05,270.67184411090017,275.03517323549517,270.2161174409248,274.3176574707031,16774600
2022-08-08,275.4230007870511,277.2362311831434,270.8366763006836,271.8063049316406,18739200
2022-08-09,271.1469795107976,274.48247496169216,269.17860487436343,273.7261657714844,23405200
2022-08-10,279.4179456049466,281.00812145710677,278.22529152278446,280.37786865234375,24687800
2022-08-11,282.01652051436565,282.3655726517332,277.80833539979704,278.3028259277344,20065900
2022-08-12,279.71852241187486,283.0443420410156,278.2252857983071,283.0443420410156,22619700
2022-08-15,282.16196164375015,285.24537391664086,281.2989778667921,284.55694580078125,18085700
2022-08-16,283.12187347946144,285.1096300607174,281.59957891566967,283.82000732421875,18102900
2022-08-17,281.536556451653,285.0443616245307,281.2742116606303,283.07183837890625,18253400
2022-08-18,281.9738603210982,283.645163191212,280.8952723028826,281.9544372558594,17186200
2022-08-19,280.7202952926748,281.06039158484833,277.4748651159436,278.04815673828125,20570000
2022-08-22,274.0933767758062,274.46262247376245,269.37099355295584,269.885986328125,25061100
2022-08-23,268.61309814453125,270.96456356636963,267.60253558165664,268.61309814453125,17527400
2022-08-24,267.6122606253299,269.38073768829963,267.3207367981383,267.98150634765625,18137000
2022-08-25,269.4778816182688,271.12003464855854,266.7474441390709,270.9548645019531,16583400
2022-08-26,271.1783719738918,272.40270697945806,260.3926709090645,260.4995422363281,27549300
2022-08-29,258.32299172518486,259.82909469537367,256.379617748924,257.7205505371094,20338500
2022-08-30,259.1197280644123,259.4889441338361,253.27988099606083,255.52447509765625,22767100
2022-08-31,257.8759809716696,259.54725384491036,253.93090517707998,254.06695556640625,24791800
2022-09-01,251.54054215060617,253.50336834765315,248.17851432635862,253.0272216796875,23263400
2022-09-02,254.29046300933095,257.2443697118644,247.265156339412,248.8101348876953,22855400
2022-09-06,248.94621561929907,250.53004048443478,244.80681960398346,246.07972717285156,21328200
2022-09-07,247.4886360031437,251.5016925834483,246.05054362667008,250.78265380859375,24126700
2022-09-08,250.21907123233504,253.0563800129086,247.57606718812474,251.20045471191406,20319900
2022-09-09,253.12441850602798,257.7205078743252,252.92037257528756,256.9722900390625,22084700
2022-09-12,258.2549788214969,259.87770921653043,257.65253760472325,259.100341796875,18747700
2022-09-13,251.51142329243044,253.02725242179903,244.46669355719365,244.85537719726562,33353300
2022-09-14,246.35176481752862,247.03194264420256,242.78567587282814,245.078857421875,23913000
2022-09-15,242.69824587426376,244.28208546979903,237.11104609083932,238.4325408935547,31530900
2022-09-16,237.34424853509077,238.354811263805,235.2065402152561,237.8106689453125,39791800
2022-09-19,235.60491699915002,238.19931916772862,234.03078901134762,237.5968780517578,26826900
2022-09-20,235.21626404112513,236.61548077642544,232.85505707344666,235.5854949951172,26660300
2022-09-21,237.35396708033133,240.64798513191113,232.13599826014462,232.18458557128906,28625600
2022-09-22,231.13512752307682,236.9555366202575,230.8436333531247,234.15707397460938,31061200
2022-09-23,232.75787437724338,234.30286782239332,228.54075677381346,231.18374633789062,34176000
2022-09-26,230.33838195306527,234.61379837015886,230.19262002242195,230.72705078125,27694200
2022-09-27,233.18542153198845,234.95389883278438,227.86058139335248,229.7165069580078,27018700
2022-09-28,230.10515720285915,235.4688726877208,228.084046805277,234.2445526123047,29029700
2022-09-29,232.12630963642152,233.15629549656063,227.7731559754163,230.77566528320312,27484200
2022-09-30,231.54326959007867,233.72956515957875,226.14069268839654,226.30587768554688,35694800
2022-10-03,228.7448264993668,234.76928257243102,228.01606129310665,233.92391967773438,28880400
2022-10-04,238.15071845977334,243.27151213771026,238.04383231681499,241.8334197998047,34888400
2022-10-05,239.02525687467363,243.4852960194291,237.18876929584698,242.1443634033203,20347100
2022-10-06,240.9103348181627,243.25210389130189,239.11272288342423,239.8026123046875,20239900
2022-10-07,234.07936404235068,234.4874855805171,226.56822859279998,227.60794067382812,37769600
2022-10-10,226.45164491422375,227.91888685975806,220.31057632079649,222.7592315673828,29743600
2022-10-11,221.17534309367792,222.5745744479787,217.7647277876426,219.02792358398438,30474000
2022-10-12,219.01822579092038,221.4085821373912,217.61900908089987,219.3583221435547,21903900
2022-10-13,213.6253670289897,229.4152788681851,212.92575128751184,227.60794067382812,42551800
2022-10-14,228.8711152108653,230.52299472511268,221.8749728230323,222.0887451171875,30198600
2022-10-17,229.1431876734247,232.1942836241064,228.48243294129364,230.8047637939453,28142300
2022-10-18,236.3531154742312,237.02356694835538,228.7059298585046,231.747314453125,26329600
2022-10-19,230.32865767594038,232.82590014122383,227.65651868442322,229.78451538085938,19985700
2022-10-20,229.09460576042883,234.47774422080448,228.22007872615066,229.46383666992188,21811000
2022-10-21,228.0938069731221,236.11993608853678,227.86059676033693,235.2648468017578,26299700
2022-10-24,236.85838032259602,240.8228644348146,234.4680389836242,240.24957275390625,24911200
2022-10-25,240.25930485991768,243.93228026742986,238.86979966752605,243.56304931640625,34775500
2022-10-26,224.62486794587923,231.55300056663893,223.54629485034351,224.7706298828125,82543200
2022-10-27,224.49854760384136,227.07352693116061,219.38747955716596,220.33001708984375,40424600
2022-10-28,219.83443818188346,229.9011145363862,219.64981530818488,229.1917724609375,40647700
2022-10-31,227.14150237504404,228.2686626281402,224.60539921895975,225.5576629638672,28357300
2022-11-01,227.95773173513913,229.06545410633566,220.89356446941574,221.70977783203125,30592300
2022-11-02,222.96330764935064,224.75120818781076,213.8100029753557,213.86831665039062,38407000
2022-11-03,213.85857768399836,214.16952462545234,207.92156981485337,208.18392944335938,36633900
2022-11-04,211.39047595404304,215.31608428144708,207.38711607311453,215.1217498779297,36789100
2022-11-07,215.70478029409642,221.9430084136209,215.01487607123818,221.4182891845703,33498000
2022-11-08,222.22478388362,225.091257180639,219.44575884635148,222.3899688720703,28192500
2022-11-09,220.93245233444006,222.1567873542891,217.97853059362552,218.15342712402344,27852900
2022-11-10,228.764240055821,236.44057547213717,228.34642180511014,236.10047912597656,46268000
2022-11-11,236.1101955294159,240.9686298310699,235.0801950029828,240.11354064941406,34620200
2022-11-14,235.13852790216598,237.00416504738854,232.4372393956365,234.7109832763672,31123300
2022-11-15,238.70460661108956,240.00666349429483,233.23400463788948,235.11907958984375,31390100
2022-11-16,236.58069414702467,237.56487314144158,234.27131111867024,235.5478057861328,24093300
2022-11-17,231.6988319904281,237.02893923380267,231.5526741520921,235.49908447265625,23123500
2022-11-18,237.2822848010197,237.50641331153858,232.9168638897255,235.0508575439453,27613500
2022-11-21,235.25546541495947,238.41260836887963,235.02161288629395,235.859619140625,26394700
2022-11-22,237.36023776801466,239.03625034999712,234.5539032214211,238.76341247558594,19665700
2022-11-23,238.8413830694947,241.93030944994973,238.02286939557064,241.2482147216797,19508500
2022-11-25,240.9851181755742,242.33956874564888,240.4199497182592,241.1605224609375,9200800
2022-11-28,239.78655028531924,240.3419649067529,234.6415865199682,235.5770263671875,24778200
2022-11-29,235.22623623628454,236.58068666323004,232.11783235235237,234.18360900878906,17956300
2022-11-30,234.41748501766983,248.79999607817797,233.72563656132382,248.61485290527344,47594200
2022-12-01,247.3773100588765,249.5697666639808,244.50275881700492,248.1763458251953,26041500
2022-12-02,243.4309315609044,249.51133581657106,243.30425151606138,248.49794006347656,21528500
2022-12-05,245.56486981280182,247.32859177442447,241.71589355194266,243.80116271972656,23435300
2022-12-06,244.40532476150193,245.41872038156708,237.5453633369683,238.85108947753906,22463700
2022-12-07,238.5685118877335,239.86449912487623,236.0155227459376,238.12026977539062,20481500
2022-12-08,238.57825833331165,242.3785254696705,236.8437826963573,241.07278442382812,22611800
2022-12-09,238.44184527837177,241.9595208718469,237.91566220853431,239.1434326171875,20609700
2022-12-12,241.12154940008574,246.08137085318384,240.84871149211713,246.05213928222656,30665100
2022-12-13,254.99733220148903,257.1703110963209,246.59779176063924,250.34933471679688,42196900
2022-12-14,250.55398314754714,255.8743369804064,247.80609665366913,250.6416778564453,35410900
2022-12-15,247.2311661145022,247.69888605332656,241.01432850057725,242.64161682128906,35560400
2022-12-16,242.19339565744826,243.45039767115878,237.28228413602537,238.43211364746094,86102000
2022-12-19,238.5977558234553,238.93881059195638,232.60504677186884,234.300537109375,29696400
2022-12-20,233.2773983167744,236.69764045155708,232.32246573736623,235.61602783203125,25150800
2022-12-21,235.5088410448142,239.33832514030232,233.9692473656318,238.1787567138672,23690600
2022-12-22,235.08982055529697,235.80116166317555,227.88881885599957,232.0983428955078,28651700
2022-12-23,230.07153767696204,232.7609459126413,227.95703674860303,232.62452697753906,21207000
2022-12-27,232.59530118818017,232.8194148295831,229.7987055148439,230.89981079101562,16688600
2022-12-28,230.83156525643543,233.58919012039783,228.18112775003155,228.53192138671875,17457100
2022-12-29,229.6232871191542,235.732937144972,229.6232871191542,234.84620666503906,19770700
2022-12-30,232.1178355853205,233.8230797011239,230.60747353761346,233.68666076660156,21938500
2023-01-03,236.86330844238375,239.46502226115788,231.32856489611547,233.45281982421875,25740000
2023-01-04,226.3394946084548,226.9144019342719,220.18113479471134,223.24082946777344,50623400
2023-01-05,221.3894046220388,221.7304593927792,216.0885291034545,216.6244659423828,39585600
2023-01-06,217.29681103305526,219.98621912634763,213.74016514069575,219.1774444580078,43613600
2023-01-09,220.658614469924,225.32612015800373,220.61964399862748,221.3114776611328,27369800
2023-01-10,221.93508808498302,225.39430067277652,221.516092367223,222.99722290039062,27033900
2023-01-11,225.37481372714282,229.91563904515138,225.1994243157805,229.74024963378906,28669300
2023-01-12,229.2432592016942,233.76459137721616,227.58673939319505,232.41014099121094,27269500
2023-01-13,230.93877604519966,233.24815904771603,228.91196981298216,233.1117401123047,21333300
2023-01-17,231.8839729382192,234.74878549049157,231.02647397875015,234.20310974121094,29831300
2023-01-18,235.39191965313583,236.1812017430098,229.49664379486572,229.7792205810547,30028700
2023-01-19,227.80113628343994,229.49664158993286,224.78041202749904,225.99844360351562,28623000
2023-01-20,228.85354125374235,234.58316714373575,228.51248642941374,234.0764617919922,35389800
2023-01-23,234.93392297440502,238.89982582882288,233.52099453170575,236.37606811523438,31934000
2023-01-24,236.29809562061268,237.71100909494393,234.29078221822581,235.849853515625,40234400
2023-01-25,228.48320522416125,237.07764219216483,224.99476139964753,234.45643615722656,66526600
2023-01-26,237.41868478326023,241.95950960681114,235.8108892133159,241.65744018554688,33454500
2023-01-27,242.62215978962465,243.4406734697651,240.51739758193492,241.81338500976562,26498900
2023-01-30,238.25671541727394,239.31885025276583,236.00579544141553,236.5027618408203,25867400
2023-01-31,237.22381085108213,241.6087242304683,236.73659825337256,241.47230529785156,26541100
2023-02-01,241.65744534727375,248.65381102324727,239.1921508241423,246.2859649658203,31259900
2023-02-02,252.20076959193378,257.9206414880855,250.67091469575902,257.83294677734375,39940400
2023-02-03,252.90238173868656,257.44320776264226,250.5247813358067,251.74281311035156,29077300
2023-02-06,250.8560488043869,251.6940402792033,248.26407396693392,250.2031707763672,22518000
2023-02-07,253.86695619791232,261.8962090659223,253.428453032111,260.7171630859375,50841400
2023-02-08,266.2129795710124,269.6819309436082,259.4017271241036,259.908447265625,54686000
2023-02-09,266.79766475449935,266.9730839280978,256.0789852689524,256.8780212402344,42375100
2023-02-10,254.8414524853322,257.3359789229723,253.99370721574917,256.3713073730469,25818500
2023-02-13,260.7951650159258,267.5771558270563,260.3176764646167,264.38104248046875,44630900
2023-02-14,265.69653266891055,267.93769873660716,262.3932169633668,265.2093200683594,37047900
2023-02-15,262.112672647368,264.46692310846817,260.02216525434795,263.08953857421875,28922400
2023-02-16,257.91209190049267,260.56916800834415,255.84114122158655,256.0853576660156,29603600
2023-02-17,253.3892752747082,254.07306355868084,250.07768536596615,252.09002685546875,30000100
2023-02-21,248.59281657060217,249.57946061577636,245.7696748690076,246.82469177246094,28397400
2023-02-22,248.21181320987577,248.45602964577176,244.54856667143568,245.69149780273438,22491100
2023-02-23,249.6478466517071,250.89823380940385,244.68536609831472,248.87612915039062,29219100
2023-02-24,244.1774302685833,245.1933643431698,242.3604589246293,243.4545440673828,24990900
2023-02-27,246.61955132378125,246.97122361499612,243.62056610345024,244.3727569580078,21190000
2023-02-28,243.30797773153637,245.67199123491113,242.9758320232588,243.64987182617188,22491000
2023-03-01,244.9589030496448,245.12496847434377,240.10387803031043,240.57278442382812,27565300
2023-03-02,240.84627541231006,245.58406578455748,239.92801913938823,245.30078125,24808200
2023-03-03,246.35580375528275,249.70644650216622,245.57430808569026,249.3840789794922,30760100
2023-03-06,250.49769740222126,254.10233469653934,250.05811076028263,250.92752075195312,24109800
2023-03-07,250.37070236682902,251.7285601912726,247.5280341065123,248.27044677734375,21473200
2023-03-08,248.16304824263776,248.6514812744461,245.0077750307779,247.83091735839844,17340200
2023-03-09,249.90184935839267,253.55531839675493,245.75993244925678,246.48281860351562,26653400
2023-03-10,245.2714821705408,246.94191444562173,241.8719931478548,242.83908081054688,28333900
2023-03-13,241.67662167942007,251.94349199727765,240.04525738823747,248.04579162597656,33339700
2023-03-14,250.8103048487011,255.03037243949342,249.94089484584663,254.75685119628906,33620300
2023-03-15,253.96557655248083,260.3152041308793,253.21337082147616,259.29925537109375,46028000
2023-03-16,259.0746462505788,270.1620822859904,257.18930185989086,269.8104248046875,54768800
2023-03-17,271.8226599941095,276.77534645038565,269.92753814579834,272.965576171875,69527400
2023-03-20,270.57236463472236,271.06079765137076,263.60730504746243,265.9322509765625,43466600
2023-03-21,268.5209085708176,268.6381277112385,263.28489174322317,267.44635009765625,34558700
2023-03-22,267.0750597234947,274.53832751454075,265.88328245152667,265.9907531738281,34873300
2023-03-23,271.5101546046174,274.55797193638784,268.8335511448217,271.23663330078125,36610900
2023-03-24,270.82630438464923,274.1378942395977,268.911655484411,274.07928466796875,28172000
2023-03-27,274.0108578776161,274.94864070171997,269.14605544409125,269.9861755371094,26840200
2023-03-28,269.40989660765126,269.75180568788846,265.7563973042853,268.86285400390625,21878600
2023-03-29,272.5065003836282,274.63609068107115,271.9692360686493,274.0206604003906,25087000
2023-03-30,277.6545572186975,277.87921725722805,274.96817646072697,277.47869873046875,25053400
2023-03-31,277.1661775421266,282.57799326147335,276.45305469008514,281.63043212890625,32766000
2023-04-03,279.89160882011697,281.60112415662576,277.3810860970175,280.585205078125,24883300
2023-04-04,280.585207618267,283.7307170583828,279.0612991751383,280.5363464355469,25824300
2023-04-05,279.2371622142725,280.5070761358077,276.3749518849941,277.7620849609375,22064800
2023-04-06,276.6582060877172,285.3230025679542,275.5055113851009,284.8541259765625,29770300
2023-04-10,282.5193929371124,282.9003849670169,278.123496163904,282.69525146484375,23103000
2023-04-11,279.1394798674935,279.3641697960585,275.1245746241053,276.2870178222656,27276600
2023-04-12,278.20164520430563,280.37028867291156,275.43709804068334,276.93170166015625,27403400
2023-04-13,277.0293845422131,283.1934057090152,276.6191175771534,283.1347961425781,24222700
2023-04-14,280.36053721344047,281.80630960092736,277.12711319357106,279.52044677734375,20987900
2023-04-17,283.22272922701467,284.85410843164084,279.53995543823305,282.1188659667969,23836200
2023-04-18,284.82477404987856,285.01038094044696,280.37026829939435,281.69879150390625,20161800
2023-04-19,279.3738659883608,282.363073223057,277.9574283365994,281.7769775390625,17150300
2023-04-20,278.6510289270091,282.3435812467073,278.4849485884654,279.4911193847656,23244400
2023-04-21,278.4166119122102,279.6474429051616,276.5117111253377,279.1492614746094,21676400
2023-04-24,275.564099605755,278.35795159650013,272.27206627525993,275.2514953613281,26611000
2023-04-25,273.0438095298006,275.085455775241,268.9995702123378,269.0484313964844,45772200
2023-04-26,289.83617483686527,292.63977568736226,285.95801534726144,288.53692626953125,64599200
2023-04-27,289.12302732036886,298.1395111111619,288.4196826173737,297.7780456542969,46462600
2023-04-28,296.9769805922049,301.7831436206851,296.2931626094283,300.15179443359375,36469600
2023-05-01,299.8685344351108,301.460830664017,298.0906312953761,298.49114990234375,21294100
2023-05-02,300.6402759672235,302.0274089293755,296.87933607669675,298.3446350097656,26404400
2023-05-03,299.52661466140324,301.47056824435134,297.05514515019064,297.35797119140625,22360800
2023-05-04,299.15542063563385,300.6402759672235,296.38112489974674,298.3446350097656,22519900
2023-05-05,298.6474673178527,304.7528796666807,297.2309997282912,303.4634094238281,28197100
2023-05-08,302.95541576842186,303.02380353381574,299.00886932285215,301.5096435546875,21318600
2023-05-09,300.8746930349145,302.86750779057024,299.2237873018419,299.8978271484375,21340800
2023-05-10,301.4803236876646,305.7590007361898,300.5523190484158,305.0849609375,30078000
2023-05-11,302.9261952140205,303.9225879421412,299.1750328232508,302.9359436035156,31680200
2023-05-12,303.36570066728314,303.4633932219653,299.50709815578426,301.822265625,19774700
2023-05-15,301.94924591720934,302.73072668738115,300.47416891606105,302.3009033203125,16336500
2023-05-16,302.66235026842685,306.452594750173,302.66235026842685,304.5281677246094,26730300
2023-05-17,305.73234911232737,307.8273965281547,304.2148790483357,307.40643310546875,24315000
2023-05-18,307.92533659511486,312.3406428632518,307.1323477805687,311.83154296875,27276000
2023-05-19,310.08886536616376,312.05666755980644,309.7266396617467,311.6552734375,27546700
2023-05-22,311.90982815472574,315.8160338813464,311.33222095812204,314.4356384277344,24115700
2023-05-23,313.30974799179927,315.94326356917975,308.6301235232962,308.6399230957031,30797200
2023-05-24,308.1211390989395,309.8539609209706,306.04563091509715,307.2596130371094,23384900
2023-05-25,316.4524252321356,320.03557419335544,313.2804700336066,319.076171875,43301700
2023-05-26,317.2160130284429,326.39905065575283,317.0789683726066,325.8997802734375,36630600
2023-05-30,328.19067091699185,328.6899413465032,323.5795525189351,324.25506591796875,29503100
2023-05-31,325.3123310459061,328.8856796035957,320.45646337468304,321.4942321777344,45950600
2023-06-01,319.08592941453026,326.52634626965755,317.90134604784606,325.5962829589844,26773900
2023-06-02,327.2311492306868,330.412903112511,325.56683524949597,328.35699462890625,25873800
2023-06-05,328.18082951193753,331.4506903935802,327.6325911531441,328.8857116699219,21307100
2023-06-06,328.2885642949618,328.3277327209836,325.1949458046118,326.6732177734375,20396200
2023-06-07,324.6858083621168,327.4661687531418,315.7279515267093,316.5894775390625,40717100
2023-06-08,317.1377341007984,319.78104998315,316.5601268268705,318.4300231933594,23277700
2023-06-09,318.16563610626434,323.0606428090371,317.59782847451265,319.9278564453125,22529000
2023-06-12,321.6802383812358,325.1263421252022,318.3320706206992,324.881591796875,24260300
2023-06-13,327.44665989144784,329.9039634195645,323.45234658796926,327.27044677734375,22951300
2023-06-14,327.3193432875882,331.9206620825264,325.82147225464075,330.25634765625,26003800
2023-06-15,330.393414820895,342.4938582086499,330.1192956143464,340.7904052734375,38899100
2023-06-16,343.9428148643849,344.08965911433876,334.76957557062366,335.1415710449219,46552000
2023-06-20,332.18499798901604,334.8968213999289,328.8074308489354,330.9514465332031,26375400
2023-06-21,329.30668603957923,330.6381434386612,325.0969920993696,326.5556945800781,25117800
2023-06-22,327.1038641293321,332.97787111322316,326.34024441649603,332.57647705078125,23556800
2023-06-23,327.3389018615229,330.8633129640672,326.4480368570244,327.98504638671875,23146900
2023-06-26,326.71237290027926,329.05217088580866,321.592184438732,321.69989013671875,21520600
2023-06-27,324.89143995302584,329.0913649668654,322.3851983758539,327.5445556640625,24354100
2023-06-28,327.6326238415943,330.88291577640626,326.80046664644476,328.7976379394531,20259500
2023-06-29,327.6815778955593,329.05217399593215,325.6354683820109,328.0144348144531,16997000
2023-06-30,330.6577377615813,335.53317570907825,330.1192989180002,333.38916015625,26832800
2023-07-03,332.06751392034784,333.7415980832822,329.5025348266666,330.8927001953125,12508700
2023-07-05,328.05357452169636,334.4758212956056,327.701148359632,331.04931640625,18172400
2023-07-06,330.217093283397,335.78761250953426,328.45490307156524,334.1037292480469,28161200
2023-07-07,332.19470249101795,334.61283670931624,329.9234124809672,330.1387939453125,21214800
2023-07-10,327.57388310031735,328.1906587789502,320.71107354380314,324.8620300292969,32791400
2023-07-11,324.10819090994494,325.8703814238738,320.1334477409768,325.48858642578125,26698200
2023-07-12,329.53188638120173,334.4758316380157,328.62142222429776,330.1192932128906,29995300
2023-07-13,332.42968950843436,336.52190790090776,331.9010204242932,335.464599609375,20567200
2023-07-14,340.2910459095937,344.0504071797022,337.0799229574127,337.9903869628906,28352700
2023-07-17,338.42121632729265,339.70370584522345,335.01431037964596,338.4701843261719,20363900
2023-07-18,338.56803033946636,359.0781209733801,334.98491162000175,351.9411926269531,64738600
2023-07-19,354.15373131724334,354.84881389642584,345.0392313202001,347.623779296875,39732900
2023-07-20,346.1455335144098,350.4531337158096,338.11771005249284,339.5862121582031,33778400
2023-07-21,341.8183323536975,342.944177986763,332.69403214811535,336.5513000488281,69405400
2023-07-24,338.5876711156817,339.63520987985777,335.1219974773937,337.8631896972656,26678100
2023-07-25,339.82113359671973,344.5007885845888,337.8239924166346,343.6098937988281,41637700
2023-07-26,334.27028642489387,337.4324721378603,326.1151869092061,330.6773376464844,58383700
2023-07-27,333.33039238314757,334.1625196341891,322.1403841798644,323.77532958984375,39635300
2023-07-28,326.66339057868936,332.8702554950669,326.1738899082172,331.2646789550781,28484900
2023-07-31,329.8451818704879,330.60880180685933,326.3599092198598,328.8661804199219,25446000
2023-08-01,328.1514676458398,331.4311281711662,326.692765182679,329.2773132324219,18311900
2023-08-02,326.62420753627333,326.62420753627333,319.50684898513873,320.6229248046875,27761300
2023-08-03,319.1544840968255,322.95301463874944,319.1055459732793,319.8006286621094,18253700
2023-08-04,324.910975755622,328.10252974603515,320.3683951097149,320.8970642089844,23741500
2023-08-07,321.47470862016405,324.15716309321493,320.64255139351025,323.17816162109375,17741500
2023-08-08,320.09423332625096,321.846653890872,316.21739682662104,319.2033386230469,22327600
2023-08-09,319.614579306117,320.24112464866727,314.3083787208824,315.463623046875,22373300
2023-08-10,319.1739750066774,321.3669581107543,314.4356125680555,316.14886474609375,20113700
2023-08-11,313.53494463144494,315.6397913083232,312.50697541012306,314.2691955566406,24355500
2023-08-14,314.64127845171237,317.25519549333154,313.3587591141242,317.2356262207031,18836100
2023-08-15,316.217394091123,318.2635030559149,314.1614855535714,315.101318359375,16966300
2023-08-16,314.72854423868324,318.2800574602853,313.74747018564494,314.33612060546875,20698900
2023-08-17,314.47357871058,315.7783944149159,310.22551003328005,310.8828430175781,21257200
2023-08-18,308.538028861624,312.3544220351469,305.65366819423417,310.4903869628906,24755000
2023-08-21,311.91289216820854,316.6612873829202,311.03975175794454,315.78814697265625,24040000
2023-08-22,319.33965168167043,319.9086615433213,315.3761035356602,316.357177734375,16084600
2023-08-23,317.69144015108157,322.96962389693414,317.33823788637403,320.8112487792969,21166400
2023-08-24,326.5505151261544,326.67805954758404,313.9044558013969,313.9142761230469,23281400
2023-08-25,315.3858781640861,319.20224067535247,312.76639725943465,316.8673095703125,21684100
2023-08-28,319.49656611253965,319.97728279727545,315.63113211282007,317.57366943359375,14808500
2023-08-29,315.78810695872727,322.75373841396754,315.78810695872727,322.19451904296875,19284600
2023-08-30,322.4496892096442,323.5680982937767,320.2717031615859,322.5674133300781,15222100
2023-08-31,322.9696339885842,324.6472624633452,320.5954212849975,321.556884765625,26411000
2023-09-01,325.0396597293619,325.7067829359754,320.5953952258838,322.4398193359375,14942000
2023-09-05,322.77339871686183,328.51268854222997,322.4398370951833,327.2372741699219,18553900
2023-09-06,327.0704931119819,328.13003998213503,323.9310439692956,326.5799560546875,17535800
2023-09-07,325.0200859411969,326.7761872339446,322.8028486285546,323.66619873046875,18381000
2023-09-08,323.8427514132207,329.79787848396427,323.2246699296337,327.9436340332031,19530100
2023-09-11,330.85742559530763,332.01511580762883,329.08168383895804,331.544189453125,16583300
2023-09-12,329.4643042616368,330.4159473154807,325.20644635330586,325.4909362792969,17565500
2023-09-13,325.039726144919,330.47488618702863,324.90239131079244,329.6998291015625,16544400
2023-09-14,332.7312602833099,334.4088885367708,330.2001023910707,332.289794921875,20267000
2023-09-15,330.5434840282613,331.01438041340634,323.41105648154235,323.97027587890625,37679800
2023-09-18,321.59602110978096,324.1468193065151,320.18327226051287,322.8321838378906,16834200
2023-09-19,319.9969481018416,323.15600785929996,318.36836152476627,322.42999267578125,16505900
2023-09-20,323.27376651009695,323.35223927183466,314.44409878418986,314.69915771484375,21436500
2023-09-21,313.2177562445035,319.19249448338184,309.0383706041025,313.4826354980469,35560400
2023-09-22,315.23877291658,315.3663173545135,310.166606068044,311.0103454589844,21447900
2023-09-25,310.59824108043864,311.65781785899316,309.0383368775715,311.5302734375,17836000
2023-09-26,309.16582325862754,309.90162868448726,304.15252005497035,306.232421875,26297600
2023-09-27,306.3893706116241,308.3515184347917,303.8287820735902,306.8701171875,19410100
2023-09-28,305.10423119085175,309.5092743516403,303.5933986019012,307.7041015625,19683600
2023-09-29,311.73634897747024,313.4237979177654,309.0187840307204,309.7742004394531,24147300
2023-10-02,310.29416711870357,315.7980093102941,309.2149794399593,315.7096862792969,20570000
2023-10-03,314.75796442808075,315.3073934236735,305.3200371531252,307.45880126953125,21033500
2023-10-04,308.0866824841923,313.98294710090596,308.05725146031534,312.9233703613281,20720100
2023-10-05,313.05091668193415,313.92408696226687,308.94021399543317,313.3157958984375,16965600
2023-10-06,310.55901920701876,322.9598111936179,310.3137506624104,321.06634521484375,25673600
2023-10-09,318.6038277713841,324.04877728616253,317.063534182084,323.577880859375,19891200
2023-10-10,324.69629510828605,324.8336598616772,321.4685826836827,322.1749572753906,20557100
2023-10-11,324.9415409038971,326.5210857572993,322.91074029238723,326.128662109375,20063200
2023-10-12,324.31371740094585,327.31580216809783,322.4987240762274,324.8925476074219,19313100
2023-10-13,326.0894240178062,327.5119635418574,320.1833385954494,321.5274353027344,21072400
2023-10-16,324.78457872571454,329.7782723940854,324.34311333126567,326.3445129394531,22158000
2023-10-17,323.3521975217721,327.148949363288,321.21346324546664,325.77545166015625,18338500
2023-10-18,326.1973576731345,329.23869374170175,322.0866542980727,323.8623962402344,23153600
2023-10-19,325.86374730098373,330.50423844384994,324.6472250314816,325.0494689941406,25052100
2023-10-20,325.441869007456,325.63809578377646,319.2905457958418,320.4874572753906,25027700
2023-10-23,319.3102300618242,326.432838535165,318.2506830695963,323.0873718261719,24374700
2023-10-24,325.02986091343166,325.5596493490343,321.3999044443215,324.2744445800781,31153600
2023-10-25,338.4901517493969,339.64784186158397,331.23020990044404,334.2225036621094,55053800
2023-10-26,334.0950314410102,335.1643987741883,320.75241573436665,321.6844482421875,37828500
2023-10-27,324.17634594018955,330.347311140755,322.1847664797221,323.5680847167969,29856500
2023-10-30,327.0999941012384,333.0256914040032,325.549879902231,330.9261779785156,22828100
2023-10-31,332.4370138355085,332.5841689842252,328.3557413843758,331.71099853515625,20265300
2023-11-01,333.3592104526516,340.84481138122624,333.22184569359115,339.5203552246094,28158800
2023-11-02,340.66817584467145,342.22808013928716,338.244921513789,341.7277526855469,24348100
2023-11-03,343.01296696867126,347.6828896003234,340.75647841286957,346.1229553222656,23637700
2023-11-06,346.7606838240873,350.7732736613575,346.66257041725754,349.7823791503906,23828300
2023-11-07,352.5980160280282,355.60010029773895,350.86152569633424,353.7066345214844,25833900
2023-11-08,354.83491988562287,356.9834748418886,353.72630121668095,356.326171875,26767800
2023-11-09,355.44316251543404,357.8860575764988,353.53987621597344,353.8636474609375,24847300
2023-11-10,354.64849649105355,363.09556076737016,354.236462100994,362.6737060546875,28042100
2023-11-13,361.2511581241037,361.49642668428953,358.97505869997684,359.74029541015625,19986500
2023-11-14,363.98834436046604,364.9105564931209,360.39760923672634,363.2623291015625,27683900
2023-11-15,364.99251089097083,366.8111878331865,360.89311508068755,363.4097900390625,26860100
2023-11-16,364.6779510555463,369.97668823321743,363.9111612043172,369.79974365234375,27182300
2023-11-17,367.28306715379995,368.0302064935661,360.78501895126305,363.5867614746094,40157000
2023-11-20,364.93351959280636,372.45396350296016,364.7172440162698,371.0481872558594,52465100
2023-11-21,369.30817317536815,369.8488471174716,364.8352078331243,366.752197265625,28423100
2023-11-22,371.598747765699,373.3584433577172,368.6200605907828,371.4512939453125,23345300
2023-11-24,370.9400785666633,371.56925486439644,368.7871927998492,371.03839111328125,10176600
2023-11-27,370.3993982063347,374.19404643508545,369.82923344697656,372.1983947753906,22179200
2023-11-28,371.9428061684763,376.51405435302496,371.75602133936184,376.2191467285156,20453100
2023-11-29,377.2612117132878,377.79204546279357,371.0482307864117,372.4343566894531,28963400
2023-11-30,372.0803854957098,373.653296016865,369.1115390125993,372.4932861328125,30554400
2023-12-01,370.37971321362784,371.7559987121957,365.02199502186244,368.1678161621094,33040500
2023-12-04,362.84940189862635,363.26227251698964,356.7543851446723,362.88873291015625,32063300
2023-12-05,360.24430304947185,366.76200100247496,359.4283420231669,366.21148681640625,23065000
2023-12-06,367.21422384108524,367.84337003830143,361.79752438947224,362.5544738769531,21182100
2023-12-07,361.9941519618629,365.15962347811006,360.11649360898355,364.6680908203125,23118900
2023-12-08,362.94776032697274,368.11866396815253,361.99418568198814,367.892578125,20154400
2023-12-11,362.23992455873395,365.3070835963392,359.90022426700926,365.01214599609375,27708800
2023-12-12,364.56981930802976,368.07937007976545,364.1864093914376,368.0400390625,24838300
2023-12-13,369.6522031111794,371.24479409698984,364.49111028889564,368.0301513671875,30955500
2023-12-14,366.98815141610726,367.430542857679,357.9636180145618,359.7331237792969,43277500
2023-12-15,360.6375749421143,366.09357631955413,360.07722042205063,364.4518737792969,78502300
2023-12-18,363.1935638443667,366.6834343966237,362.43658420288887,366.33935546875,21802900
2023-12-19,365.19895042864266,366.9389953613281,363.5768985428581,366.9389953613281,20603700
2023-12-20,368.6495201604417,369.662076309118,364.2552166800982,364.34368896484375,26316700
2023-12-21,366.25081857048275,368.06949543921024,363.77350472816454,367.2142333984375,17708000
2023-12-22,367.35188041938636,368.8264785553031,366.3983057581292,368.23663330078125,17107500
2023-12-26,368.6494851818368,370.5566342519059,367.17488724110945,368.31524658203125,12673100
2023-12-27,367.36169037934906,368.70848509896524,366.49658807749455,367.7352600097656,14905400
2023-12-28,369.01327697882084,370.0848147302982,367.82377617224904,368.9248046875,14327000
2023-12-29,369.6325439887214,370.77290330963024,367.1552302920534,369.671875,18730800
2024-01-02,367.52877209819934,369.5342336746233,360.5588428456871,364.58941650390625,25258600
2024-01-03,362.760965291212,366.93899315410624,362.26943260145976,364.32403564453125,23083500
2024-01-04,364.3928244536736,366.78166590955874,360.95209593669983,361.70904541015625,20901500
2024-01-05,362.72167998133955,365.7593487866836,360.29350698796526,361.5223388671875,21004600
2024-01-08,363.0460204620728,368.84613000704053,362.7609531121448,368.3447570800781,23134000
2024-01-09,365.71016152546855,369.62274253642516,364.9040407138779,369.4261474609375,20830000
2024-01-10,369.9963507804977,377.66427954305703,369.9472095066928,376.2879638671875,25514200
2024-01-11,379.4632498955057,384.063988833949,373.9384270676175,378.116455078125,27850800
2024-01-12,378.9619030381072,382.0978843256019,378.13613163335935,381.8914489746094,21661200
2024-01-16,386.9935560466254,387.3572854699558,381.0558322148753,383.66094970703125,27202300
2024-01-17,381.40975376136174,383.5036580222972,378.29342300551,382.87451171875,22234100
2024-01-18,385.08639698467385,387.31794474262756,383.51348627386955,387.1999816894531,23392100
2024-01-19,389.05794692680297,391.9186706542969,386.83620966747424,391.9186706542969,29331100
2024-01-22,393.2458273875224,393.8356726529961,386.9247237943795,389.7952880859375,27016900
2024-01-23,389.04812543344485,392.61665757487873,387.2589392356876,392.144775390625,20525900
2024-01-24,394.7400819620146,398.7608157750505,393.66854429552797,395.7427978515625,24867000
2024-01-25,397.4729979213706,400.11744616888006,395.71330250742477,398.013671875,21021200
2024-01-26,397.5221813360267,399.2917171915394,395.61503191441454,397.0896301269531,17803300
2024-01-29,399.1835624719501,403.03719231588735,397.4828484080428,402.7815856933594,24510200
2024-01-30,405.2784864191286,406.0550863600452,399.56687976102864,401.6706237792969,33477600
2024-01-31,400.06829591373173,408.28673844568766,390.48340804499526,390.8471374511719,47871100
2024-02-01,395.0251188068164,401.0906449466683,394.99562804766003,396.9421081542969,30657700
2024-02-02,396.9716461643717,405.6619409058491,396.72587980855803,404.25616455078125,28256700
2024-02-05,402.9584843152066,404.197156266753,397.1485644483077,398.78045654296875,25352300
2024-02-06,399.0065788415849,401.06118187336995,396.0868734804641,398.6231689453125,18382600
2024-02-07,400.5401902860463,407.28400488846614,400.50085926773676,407.0382385253906,22340500
2024-02-08,407.03815593606345,408.52259406809105,405.54390755203156,407.0971374511719,21225300
2024-02-09,408.217866487787,413.69354741786265,408.06057243943894,413.4281005859375,22032800
2024-02-12,413.43798737008973,413.61493194410616,407.7263797250581,408.2277526855469,21202900
2024-02-13,398.08257369974984,403.12570486616943,396.55883406892025,399.439208984375,27824900
2024-02-14,401.9013178119368,403.64455035620506,398.4542264131706,403.2998352050781,20401200
2024-02-15,401.9703171422234,402.94534207042653,398.17851011795324,400.4141845703125,21825500
2024-02-16,401.7929735865366,402.11800189970467,397.3413119912312,397.9519348144531,22296500
2024-02-20,397.1443513475326,398.3754555316585,391.99343067715284,396.701171875,24307900
2024-02-21,394.12080761512743,396.2087556364425,391.2153895315718,396.10040283203125,18518900
2024-02-22,403.9893247437461,406.5894012936675,402.3938184427991,405.42724609375,27009900
2024-02-23,409.38646893086735,409.5735691126935,402.7877385663373,404.13702392578125,16295900
2024-02-26,405.24005905629645,405.92948936303003,401.20203166596815,401.37933349609375,16193500
2024-02-27,401.82255205730473,402.14758039730725,397.74515057992284,401.3202819824219,14835800
2024-02-28,402.00967855020446,403.1127430930959,399.1929265964819,401.556640625,13183100
2024-02-29,402.4626691581387,407.93861712635106,399.7837857591662,407.3870849609375,31947300
2024-03-01,405.05298754832427,409.5834572269849,404.6688986492537,409.21905517578125,17823400
2024-03-04,407.1901585103068,411.04105586312363,406.08709401097116,408.6477966308594,17596000
2024-03-05,407.70222813887517,407.9878526735756,394.58360717326707,396.5632019042969,26919200
2024-03-06,396.87845143918287,399.03534841652714,392.3676988449284,396.0117492675781,22344100
2024-03-07,399.98083315410713,403.58550992875143,396.15948083378726,402.9552001953125,18718500
2024-03-08,401.793002594602,404.21583727335775,398.2178712291556,400.0793151855469,18002200
2024-03-11,397.65650787745375,399.5474670630361,395.19429952187465,398.4049987792969,16120800
2024-03-12,401.45816986092404,409.2880049750951,400.6407298572385,409.00238037109375,22457000
2024-03-13,411.77975394826365,411.8585313952043,405.23028537501085,408.8251037597656,17115900
2024-03-14,413.8873540190868,421.3527863664109,411.6713665638625,418.7920837402344,34157300
2024-03-15,412.9517630950902,416.2117246963819,406.55002108975805,410.1251525878906,45079900
2024-03-18,407.98787589557446,414.3699300128756,407.5249795776433,411.011474609375,20106000
2024-03-19,411.5138040831413,415.2957826626085,409.26827120822617,415.0397033691406,19837900
2024-03-20,415.6207267192323,419.5208559286198,414.3009867861631,418.8019104003906,17860100
2024-03-21,423.3324019440985,424.30745690999566,420.70278020104655,422.8793640136719,21296200
2024-03-22,423.2043596919927,423.3619145681295,419.62922855755534,422.25885009765625,17648500
2024-03-25,418.8117700116772,420.9489800236463,415.2366387798196,416.4677429199219,18060500
2024-03-26,419.17616089060704,419.55042134825453,414.98057853086766,415.2760314941406,16725600
2024-03-27,418.02386500319915,418.0337234540762,412.67595596490696,415.0593566894531,16705000
2024-03-28,414.5964697982947,415.4927172172239,412.78428811448583,414.360107421875,21871200
2024-04-01,417.5412936572551,421.42173632509054,415.8374347010724,418.15191650390625,16316000
2024-04-02,413.7593326884334,415.9950371448598,411.52365828826186,415.0692443847656,17912000
2024-04-03,413.3851210297518,416.86175823561996,412.7547812256396,414.09423828125,16502300
2024-04-04,418.56558637813976,422.18998013142357,411.25776838460877,411.5630798339844,19370900
2024-04-05,413.6608379545396,420.06257930400153,411.9963827991793,419.0875244140625,16554800
2024-04-08,418.7428494922185,420.8209388461148,416.9010924581036,418.1716003417969,14272400
2024-04-09,419.9936139789009,421.2739501766581,415.2464695179833,419.8360290527344,12496900
2024-04-10,415.80789248455,417.6200741918698,413.3555426286193,416.8617248535156,16216600
2024-04-11,419.3830008173104,422.8793243997448,415.9752830660833,421.4610900878906,17966400
2024-04-12,417.6397403424306,418.7526632511182,413.42444113170603,415.5222473144531,19253800
2024-04-15,420.1511623060423,420.3678378036154,407.1802378567208,407.3870849609375,20273500
2024-04-16,408.30303781713025,412.07512727036436,407.47573953105865,408.3128662109375,16765600
2024-04-17,410.9425718180864,412.5479364642673,404.127165910336,405.6143493652344,15855500
2024-04-18,404.42268772141404,405.66365046137435,397.8436736216777,398.1588134765625,21029900
2024-04-19,397.9224202787546,399.35051316442866,391.7570408652649,393.0866394042969,30565800
2024-04-22,394.0321015888098,396.7602475945419,389.76757007965125,394.8988037109375,20286900
2024-04-23,398.12928725347575,402.0294474641655,396.9671319637412,401.4089660644531,15734500
2024-04-24,403.3687538471423,406.23476751515864,400.6307798018594,402.8763122558594,15065300
2024-04-25,388.0736283031629,393.84506100447175,382.1643275467929,393.0079040527344,40586500
2024-04-26,405.93939976601416,406.7568397543272,399.6262936342629,400.1778259277344,29694700
2024-04-29,399.1239921991836,400.1778246357648,393.1556012841848,396.1693420410156,19582100
2024-04-30,395.4207954000411,396.0806804506466,383.2870557136592,383.4446105957031,28781400
2024-05-01,386.6749928264685,395.64729473492514,384.40977340635925,388.96978759765625,23562500
2024-05-02,391.6486864760746,393.88436068854867,388.68417820234623,391.8259582519531,17709400
2024-05-03,396.1988407447482,400.99521746175435,395.7851765465019,400.51263427734375,17446700
2024-05-06,402.58092459776026,407.67275464571117,400.22703898277103,407.2886657714844,16996600
2024-05-07,408.39168563049185,408.40154408083737,402.9058788007464,403.152099609375,20018200
2024-05-08,401.9998461853561,405.9984701419799,400.56189486819255,404.3340148925781,11792300
2024-05-09,404.3635513602943,406.48104448418644,402.91577167959764,406.08709716796875,14689700
2024-05-10,406.6977419727187,409.1008598045123,405.5749605018169,408.47052001953125,13402300
2024-05-13,411.6910387187959,412.02589540221663,404.60972606039115,407.46588134765625,15440200
2024-05-14,405.79162172220066,411.1789347782618,405.3287253515243,410.26300048828125,15109300
2024-05-15,412.32511422725236,418.15627711467357,411.7035137509103,417.4360046386719,22239500
2024-05-16,416.1730933998144,419.7448271840896,414.74245474989345,415.3739013671875,17530100
2024-05-17,416.903243294278,417.2781788386251,412.4533979292135,414.60430908203125,15352200
2024-05-20,414.6042935983872,421.07677928196154,414.3872272445279,419.6658630371094,16272100
2024-05-21,421.13598848639515,427.1940941013643,419.1824213563369,423.3165283203125,21453300
2024-05-22,424.35250743086516,426.6415653807663,421.43200286988593,424.7767639160156,18073700
2024-05-23,427.194070817087,427.8156712738496,419.7448017896618,421.3037109375,17211700
2024-05-24,421.49115879915024,425.3095270127513,418.74824604311783,424.4215393066406,11855300
2024-05-28,423.8986396092449,425.0727671383065,420.9090617260336,424.5794372558594,15718000
2024-05-29,420.0111765352336,425.19114003957617,420.0111765352336,423.44476318359375,15517100
2024-05-30,418.639722265152,418.639722265152,408.7139275324575,409.1382141113281,28394500
2024-05-31,411.1904861655314,411.1904861655314,399.11377942255837,409.59210205078125,47995300
2024-06-03,409.9867358256656,410.8747236026411,403.4649291544174,408.0035400390625,17484700
2024-06-04,406.9280752908703,410.88459054146256,404.21476096620233,410.51953125,14348900
2024-06-05,412.23633479956106,418.42268099839066,410.746468843911,418.3536376953125,16988000
2024-06-06,418.35360501475236,419.6362506295676,414.9693392305099,418.8567810058594,14861300
2024-06-07,420.51439617340435,420.5933157045514,417.3570729391347,418.19573974609375,13621700
2024-06-10,419.0344450692757,422.3693300275411,418.2352530096641,422.1621398925781,13982900
2024-06-11,419.8040264249776,427.04610581067664,419.57708382911113,426.907958984375,14551100
2024-06-12,429.51276024474697,437.48495834500466,427.47036718999846,435.1761779785156,22366200
2024-06-13,434.9689970884557,437.47512151645753,433.5087296834647,435.6892395019531,15960600
2024-06-14,432.4332670607897,437.2284494695541,430.8940801420427,436.6660461425781,13582000
2024-06-17,436.68574902549324,444.92436422206765,434.84070005199675,442.3886413574219,20790000
2024-06-18,443.7107502283828,444.1350368072149,438.95507309068336,440.3857116699219,17112500
2024-06-20,440.3462442358131,440.57318682315986,435.38334678666155,439.7542724609375,19877400
2024-06-21,441.41180797040636,444.5691008480433,440.5534188752036,443.77978515625,34187100
2024-06-24,443.7995580906483,446.71021649298933,440.45479708566984,441.697998046875,15913700
2024-06-25,442.27027153504196,445.3979964641079,440.7902817808812,444.93426513671875,16413400
2024-06-26,443.01020350518843,447.54884412889345,442.21101156026344,446.1280517578125,16507000
2024-06-27,446.1478236075156,450.08461670642896,445.74328947401983,446.80889892578125,14806300
2024-06-28,447.02593208902044,449.305113661538,440.45477465939115,440.9875793457031,28362300
2024-07-01,442.67479410049566,451.2685926172397,439.71481466960876,450.63714599609375,17662800
2024-07-02,447.15428864808064,453.45902989155985,447.06546275789515,453.1531677246094,13979800
2024-07-03,452.07763057164084,454.869864398923,451.7717684597979,454.6231994628906,9932800
2024-07-05,453.478674753155,462.1021014719612,452.8472281684966,461.3226318359375,16000300
2024-07-08,460.3261258064599,461.4608086849496,458.26401040115894,460.020263671875,12962300
2024-07-09,460.770141890067,461.0957263862654,451.89020339539763,453.40966796875,17207200
2024-07-10,455.0672233776237,460.2373109717691,452.73869064735504,460.0301208496094,18196100
2024-07-11,456.8037581244286,458.57973369334036,445.5262138972975,448.63421630859375,23111200
2024-07-12,448.26913567933263,450.2720538778231,444.6382348256943,447.4995422363281,16324300
2024-07-15,447.2528536845848,451.1600479833261,445.40780476541227,447.904052734375,14429400
2024-07-16,448.1606286695201,448.23954820722287,440.7014827721708,443.5233154296875,17175700
2024-07-17,436.68574615539535,438.9156068819966,433.3212327097638,437.60333251953125,21778000
2024-07-18,438.41237105587203,438.7182331565263,428.60497114914784,434.4953308105469,20794800
2024-07-19,427.3223841326024,435.2551377032439,426.23705228293636,431.27886962890625,20940400
2024-07-22,435.89641421757136,438.6689256733767,433.05482935357276,437.03106689453125,15808800
2024-07-23,437.9782800404941,442.40840302613475,437.1889642431626,438.9156188964844,13107100
2024-07-24,434.5743138131604,435.5905721860423,421.88585333621705,423.1783752441406,26805800
2024-07-25,423.0796754657291,424.0663351847354,411.94030891768244,412.81842041015625,29943800
2024-07-26,412.6211398648851,423.19813411147953,411.7035233681291,419.5968017578125,23583800
2024-07-29,425.8225986635412,426.38500194360023,419.0344049240428,421.0373229980469,15125800
2024-07-30,422.0141226280364,423.32636688783225,411.7923116419938,417.2781677246094,32687600
2024-07-31,414.8904164009859,416.1533396507724,406.7109988096176,412.76910400390625,42891400
2024-08-01,415.1765852410534,421.7575892383458,407.57929274476925,411.545654296875,30296400
2024-08-02,406.98728858808795,409.46381430513844,398.9460172931046,403.0406494140625,29437900
2024-08-05,383.9783949357412,395.6900415573509,380.43625987349014,389.87860107421875,40709200
2024-08-06,394.6639255499671,400.2582999432438,393.18393582915473,394.27911376953125,24946500
2024-08-07,403.18868669056855,404.60944914169323,392.16768315982324,393.1148681640625,20650900
2024-08-08,397.0713892387092,400.4457490366174,394.6047396336136,397.31805419921875,20203000
2024-08-09,398.64013341356633,402.6064947272633,396.89375651412195,400.60357666015625,19276700
2024-08-12,401.6296910455733,403.3070245629386,398.84730349296393,401.3830261230469,16762900
2024-08-13,404.1259805010332,409.41449264240543,404.10625814496586,408.4870300292969,19414300
2024-08-14,409.26646397851016,412.14752377963794,406.9478375879701,411.2989807128906,18267000
2024-08-15,414.94631960204117,416.2411711538097,412.8310776655769,416.162109375,20752100
2024-08-16,415.7370612802868,416.46849580465874,412.4751975268654,413.6316833496094,22775600
2024-08-19,414.11604821044875,416.8737991572246,411.6449527797598,416.6563415527344,15234000
2024-08-20,416.82438511571235,420.93626132598814,416.7650812391523,419.8885192871094,16387600
2024-08-21,419.1768414959673,421.4700252660244,416.8441419181339,419.2361755371094,16067300
2024-08-22,419.45362155809136,421.8555493177983,409.8163490739685,410.7454833984375,19361900
2024-08-23,412.15893602611095,414.41257372157986,407.32545916499066,411.97113037109375,18493800
2024-08-26,411.55599630876077,412.4554786638681,406.58415351672016,408.70928955078125,13152800
2024-08-27,408.0865565785304,409.5692137906275,405.5067475085558,409.05523681640625,13492900
2024-08-28,410.08323636580656,410.2018441208808,402.6007521142328,405.85272216796875,14882700
2024-08-29,410.142500929111,417.17028122626607,405.85268326493673,408.3435363769531,17045200
2024-08-30,410.7949049431994,412.663037378181,407.3650233246306,412.3171081542969,24308300
2024-09-03,413.07815685238506,415.0253810540411,402.32394584007614,404.7060852050781,20313600
2024-09-04,401.21691249953295,406.48527429622453,399.6947093805116,404.1723327636719,15135800
2024-09-05,402.9071267784607,408.3237783354607,401.4343636867301,403.6682434082031,14195500
2024-09-06,404.33049307771034,405.9021060614487,396.165984591682,397.05560302734375,19609500
2024-09-09,402.5315594789773,403.9252609488484,397.50041270369564,401.0291442871094,15295100
2024-09-10,403.48047327180706,411.5164502597468,402.9862541865475,409.4111022949219,19594300
2024-09-11,410.6960929291399,419.0879240200289,404.84452521588224,418.14892578125,19266900
2024-09-12,418.4157104817343,422.4287665702525,414.8968734205188,422.06304931640625,17395700
2024-09-13,420.9065669174341,426.8371952929349,420.54084966063596,425.6115417480469,15874600
2024-09-16,425.6214706998335,428.517587221267,423.2689830915265,426.3529052734375,13834700
2024-09-17,435.1401487897844,436.741413807479,427.2721591954558,430.1188659667969,18874200
2024-09-18,429.9705988234429,430.9886889198146,425.43367129700556,425.82904052734375,18898000
2024-09-19,436.12856118496126,436.39542861722236,431.8486072464737,433.617919921875,21706600
2024-09-20,432.1648930552261,434.16152709216163,429.19957885288886,430.2374267578125,55167100
2024-09-23,429.2589197702658,431.41370770372646,425.4139110417271,428.4978332519531,15128900
2024-09-24,427.9937125983331,428.33967197864655,421.1734954974966,424.2080078125,17015800
2024-09-25,424.8603454388432,428.1123153119531,423.61493391499886,427.1139831542969,13396400
2024-09-26,430.0595370663028,430.2671006249204,424.1684543301705,426.3232421875,14492000
2024-09-27,426.53085337882084,426.8570548863857,422.52769062045775,423.0713195800781,14896100
2024-09-30,423.2590885562286,425.4435585697777,420.4519278512811,425.3249206542969,16807300
2024-10-01,423.49637062005274,423.52602256028683,413.96781162828705,415.8260803222656,19092900
2024-10-02,417.6941904099043,417.9314360837514,411.89206315330637,412.3072204589844,16582300
2024-10-03,412.80142348929195,414.699207817815,409.50004373541833,411.7240295410156,13686400
2024-10-04,413.4043913508732,414.8969427153237,410.17220923179,411.2496032714844,19169700
2024-10-07,411.1902950616205,412.287446994849,404.27122759664127,404.80499267578125,20919800
2024-10-08,406.14924457508937,410.8542199929417,403.4508276328713,409.9151916503906,19229300
2024-10-09,411.0518548194861,415.51961434814075,409.5098937927917,412.63336181640625,14974300
2024-10-10,410.4291412448218,412.5246250787664,408.37317321416026,411.0320739746094,13848400
2024-10-11,411.32868016338136,412.30722431233596,408.4720793339732,411.506591796875,14144900
2024-10-14,412.9397902420181,419.137316675548,412.692680707405,414.2939758300781,16653100
2024-10-15,417.29881980944174,417.5953693595967,410.4588445581101,413.8985900878906,18900200
2024-10-16,410.36983983888206,411.54605337068887,405.7340629559766,411.308837890625,15508900
2024-10-17,417.4767225011017,417.61511832115826,410.78500708577025,411.9019470214844,14820000
2024-10-18,412.3171212877513,414.79808063402476,411.44729085370335,413.3253173828125,17145300
2024-10-21,411.3089220076055,414.1160830331514,408.9663281686837,413.93817138671875,14206100
2024-10-22,413.65143848774744,425.60165114081286,413.20665945484586,422.5671691894531,25482200
2024-10-23,425.87842845603865,426.09588604624633,417.64475229425324,419.6908264160156,19654400
2024-10-24,420.41234412037124,421.05485298708396,417.51622786247975,419.8193054199219,13581600
2024-10-25,421.8258547879259,427.5192377532194,421.63804913504384,423.19976806640625,16899100
2024-10-28,426.66919481416045,426.94595627618617,421.37115090072086,421.6578063964844,14882400
2024-10-29,423.0515590564399,428.1617979371543,420.8769829019358,426.9559020996094,17644100
2024-10-30,432.3823482739382,433.43009020652653,427.1040926423887,427.52911376953125,29749100
2024-10-31,410.5576940417458,411.348462734814,401.6024459753444,401.6518859863281,53971000
2024-11-01,404.2811047814158,410.69605883957496,402.78855349489004,405.6253662109375,24230400
2024-11-04,405.06193022116906,405.67478719502446,400.88085627166146,403.7374267578125,19672300
2024-11-05,403.6484884800003,410.102988488707,403.3618329661191,406.7027587890625,17626000
2024-11-06,407.65170044035887,415.58885807174516,405.7736437068039,415.32196044921875,26681800
2024-11-07,416.40924844245427,421.9148565188348,415.02544097960697,420.5112609863281,19901800
2024-11-08,420.40251992805025,421.568869701991,416.90344044148964,417.6546630859375,16891400
2024-11-11,417.6348679260246,419.89839969038087,411.1902621762221,413.1770324707031,24503300
2024-11-12,413.4142138670265,419.5326478016325,412.37636598179006,418.1389465332031,19401200
2024-11-13,416.76509796101305,424.3661599826618,413.3747320030266,420.283935546875,21502200
2024-11-14,420.0862440210885,423.21960645486104,415.144052914958,421.95440673828125,30246900
2024-11-15,414.9661225121513,417.91164897279026,408.85758182070697,410.20184326171875,28247600
2024-11-18,410.0733395128572,413.56252505276035,407.33537663624696,410.95306396484375,24727000
2024-11-19,408.33368112951007,413.1078544202765,406.79171998540573,412.9595947265625,18133500
2024-11-20,412.0501760807684,412.4653333453386,405.8328921341125,410.6861267089844,19191700
2024-11-21,415.4797975064388,415.7571129679985,406.35806834126146,408.913330078125,20780200
2024-11-22,407.4276728377604,413.39988374041405,407.1206461090675,413.00372314453125,24814600
2024-11-25,414.37053686089325,417.0446437711569,410.87436717729366,414.776611328125,27691100
2024-11-26,415.5689336176803,424.92838338966095,414.83603494213827,423.888427734375,23458900
2024-11-27,421.03604952077916,423.1357584170694,417.9756653943907,418.9363708496094,18332400
2024-11-29,416.06412568619913,420.808229889217,413.7960631011275,419.4018249511719,16271900
2024-12-02,417.52996787602956,428.8504232970242,417.27244986667705,426.84979248046875,20207200
2024-12-03,425.7207055754366,428.3255063010946,423.64082448545395,427.06768798828125,18302000
2024-12-04,428.8801143248133,435.4564952904926,428.483953715763,433.2280578613281,26009400
2024-12-05,433.72329450893346,440.39869339406243,431.99006528414975,438.37823486328125,21697800
2024-12-06,438.0612738202398,441.82487523918803,437.5363542028089,439.3191223144531,18821000
2024-12-09,438.3583975889403,444.03346541962105,436.2785166631167,441.74560546875,19144400
2024-12-10,440.13125981361975,445.31111943385133,437.3679889585384,439.0813903808594,18469500
2024-12-11,439.7945337941877,446.0341772846715,439.7945337941877,444.68719482421875,19200200
2024-12-12,444.8060093995974,451.7884649521135,444.8060093995974,445.251708984375,20834800
2024-12-13,444.142443353527,447.10377945438483,441.30983602760955,442.983642578125,20177800
2024-12-16,442.9836304987913,447.8465797272876,441.01271109813007,447.2622375488281,23598800
2024-12-17,446.6877867800923,450.9267684894764,445.26158450169066,450.1047058105469,22733500
2024-12-18,446.994861295181,448.31210217470453,432.83188469873346,433.1983642578125,24444500
2024-12-19,437.38780577162396,438.93285336164837,432.1386095010433,432.841796875,22963700
2024-12-20,428.9593493416428,439.48748337745457,424.5223020050907,432.4159240722656,64263700
2024-12-23,432.5545379722653,433.455820708947,428.6820054234919,431.0788269042969,19152500
2024-12-24,430.4845477379295,435.3871217541817,430.0289645876171,435.11968994140625,7164500
2024-12-26,434.8721127935591,436.7143034093448,432.44561022869516,433.9114074707031,8194200
2024-12-27,430.4350863105853,431.04913980352325,422.2641488688207,426.4040832519531,18117700
2024-12-30,421.9769208859116,423.45263204127576,417.8567839421245,420.7586975097656,13158700
2024-12-31,422.016524265212,422.64049156656444,416.6286554798762,417.4606018066406,13246500
2025-01-02,421.45201157982797,421.9868450538027,410.8743686174563,414.568603515625,16896500
2025-01-03,417.0446121521978,419.96635323692743,415.51939233739597,419.2928771972656,16662900
2025-01-06,423.8983428352595,430.15778356293015,421.4025036603563,423.7497863769531,20573600
2025-01-07,424.88876369017254,426.52294519780327,416.7673346717813,418.3222961425781,18139100
2025-01-08,419.40180766065134,422.87817962096636,417.50022470253026,420.49127197265625,15054600
2025-01-10,420.5605868581897,420.6398068835906,411.0426680414125,414.9350280761719,20201100
2025-01-13,411.2606004893305,414.48936844362913,408.3388895039501,413.1919250488281,17604800
2025-01-14,413.805999460752,415.71749643981025,406.78394867710017,411.6865234375,16935900
2025-01-15,415.1133035563719,424.04685017409594,414.2615295855494,422.2244873046875,19637800
2025-01-16,424.59158895645874,425.3739962723433,420.32289602505284,420.51104736328125,15300000
2025-01-17,429.9299320188306,430.3162089952725,424.0666827581059,424.9184265136719,26197500
2025-01-21,426.07727516253885,426.770548715405,421.52135231106814,424.3935546875,26085700
2025-01-22,433.36673527212855,442.9836731089654,431.8216876151847,441.9239501953125,27803800
2025-01-23,437.7641319289048,442.46861072225846,437.26892363486763,442.4289855957031,18389300
2025-01-24,440.8939077892008,442.3696190202124,437.16993127456703,439.804443359375,15549500
2025-01-27,419.9465336815251,431.0292973638115,419.4414115658082,430.3954162597656,35647800
2025-01-28,430.4350516883182,444.08299095093025,427.24590909189664,442.914306640625,23491700
2025-01-29,442.4091742886292,442.5973558524787,436.17944568172504,438.0909423828125,23581400
2025-01-30,414.7567434624131,418.80754367823596,409.2005209146461,411.0129699707031,54586300
2025-01-31,414.964783031506,416.6583870568431,410.933779971825,411.08233642578125,34161900
2025-02-03,407.6555317858933,411.4290171061556,404.7437041840203,406.9820556640625,25679100
2025-02-04,408.7350313881363,409.9532546940812,405.81329031153365,408.4180908203125,20532100
2025-02-05,408.39829064688985,409.8640878693508,406.46696618877354,409.32928466796875,16316700
2025-02-06,410.03245657619226,414.1922182257068,410.03245657619226,411.83502197265625,16309800
2025-02-07,412.48872643025265,414.63791357819275,404.1890302854019,405.8232116699219,22886800
2025-02-10,409.7452423090315,411.4784713555885,406.982001762604,408.26953125,20817900
2025-02-11,405.71427148321067,408.53693461973535,405.37750324031913,407.49700927734375,18140600
2025-02-12,403.3075158999609,406.8135989590122,400.49473651773883,405.1199951171875,19121700
2025-02-13,403.0995382668374,407.0612044905901,402.465657162982,406.6056213378906,23891700
2025-02-14,403.88198772560423,404.99124946496545,401.99028842093395,404.5158386230469,22758500
2025-02-18,404.08996621044764,406.6650553734785,402.6043413346739,405.7142639160156,21423100
2025-02-19,403.97114994678657,411.5082061808428,403.7433432351679,410.79510498046875,24114200
2025-02-20,412.134891295379,416.1243389128722,409.40578409861945,412.968505859375,23508700
2025-02-21,414.16928284227896,414.8738801834256,404.79109677447474,405.108642578125,27524800
2025-02-24,405.4063787741937,406.25983043716724,396.2861968407472,400.9306335449219,26443700
2025-02-25,398.05262251192454,398.86639977673974,393.6860578575225,394.8769226074219,29387400
2025-02-26,394.9861207223364,400.53364695077397,391.25467770642615,396.69305419921875,19619000
2025-02-27,398.22137954122604,402.6574203650982,389.19054012926085,389.54779052734375,21127400
2025-02-28,389.67678725566606,394.6090291195634,383.6330593862238,393.973876953125,32845700
2025-03-03,395.7899873220531,395.7899873220531,383.2261675615013,385.5384521484375,23007700
2025-03-04,380.48712304915495,389.59737098453536,378.10536303990614,385.65753173828125,29342900
2025-03-05,386.3820118850688,398.61835249883035,385.85603973587394,397.9732666015625,23433100
2025-03-06,391.28447789138556,399.09468114787944,389.6966277473878,393.8746643066406,23304600
2025-03-07,389.3394000020522,391.80053909690844,382.61091150423107,390.3218688964844,22034100
2025-03-10,382.90859827837613,383.4643412864511,374.3540930979484,377.2717590332031,32840100
2025-03-11,376.1205440687611,383.0673615053873,374.04642649696916,377.5595397949219,30380200
2025-03-12,380.0405779726452,382.2933209136247,376.0709676751301,380.3581237792969,24253600
2025-03-13,380.2489652043101,382.3925583494832,374.58235511618193,375.8923034667969,20473000
2025-03-14,376.8946473094157,387.2652662935844,376.6267095180303,385.6079406738281,19952800
2025-03-17,383.7620517263702,389.72637004614455,382.6406320765131,385.7468566894531,22474300
2025-03-18,384.1292790671939,384.4269877309022,378.2046343736099,380.6062316894531,19486900
2025-03-19,382.60098568305693,386.71945055064447,381.08261086681347,384.87359619140625,19185500
2025-03-20,382.8093521082507,388.8134057411041,380.36805030146087,383.9010009765625,18470500
2025-03-21,380.3085198055768,388.76377892625936,379.8916973941909,388.2874450683594,39675900
2025-03-24,392.3959786933822,392.3959786933822,386.84845184017416,390.0935974121094,21004500
2025-03-25,390.9272368910712,393.34867131877104,389.65696280253144,392.1578063964844,15775000
2025-03-26,391.99901639757354,392.30665877239477,385.61787512073846,387.0072326660156,16108400
2025-03-27,387.1660163642304,389.259971232933,384.4567464670721,387.6125793457031,13766800
2025-03-28,385.13158343812927,386.1736243280803,374.0663006272135,375.9220886230469,21632000
2025-03-31,369.7096411618319,374.20522334023684,364.449889664545,372.5379943847656,35184700
2025-04-01,371.8036523791418,379.9413663463016,370.3944575548709,379.286376953125,19689500
2025-04-02,375.0983928958324,382.1543604865691,373.7586433966847,379.2367248535156,16092600
2025-04-03,371.9425583652147,374.61212363444304,366.54388609690864,370.2752990722656,30198000
2025-04-04,361.36358655898334,371.74410993496775,356.7489202327306,357.1061706542969,49209900
2025-04-07,348.2142236601539,368.1813588125757,342.17049555544185,355.14117431640625,50425000
2025-04-08,365.46216834014683,370.8112022714622,347.5889889390993,351.8662414550781,35868900
2025-04-09,350.85397143876156,390.2424271903321,350.41731193692607,387.5232238769531,50199700
2025-04-10,379.1573256201752,380.9833427250372,365.0056552003408,378.4527282714844,38024400
2025-04-11,377.74814777589194,387.08662977771354,376.01144319106686,385.4988098144531,23839200
2025-04-14,390.23254912743425,391.651677567929,381.29099206627785,384.8636474609375,19251200
2025-04-15,385.5583162962043,388.9126416904877,381.24135923720473,382.7994384765625,17199900
2025-04-16,377.7779079921512,378.71073856569086,365.2041538267982,368.7867126464844,21967800
2025-04-17,370.9104537724408,371.4761304955969,364.10258680355696,364.9858093261719,21120200
2025-04-21,360.0635031391147,361.71089501866106,352.9678309109542,356.3916015625,20807300
2025-04-22,360.6192443688487,364.9758758256959,357.12596800122816,364.0331115722656,19485000
2025-04-23,373.20288850682186,377.50000836988784,370.1859763720142,371.54559326171875,20545500
2025-04-24,372.84566753938213,385.49880064204365,372.33953252384407,384.3575134277344,22232300
2025-04-25,384.05979677325973,389.1805976978566,381.67803664886475,388.8729553222656,18973200
2025-04-28,388.9821118643913,389.7561846754867,383.7025530868883,388.1882019042969,16579400
2025-04-29,388.3270916828822,392.0982394081848,387.41409832984397,391.0462951660156,14974000
2025-04-30,387.3347110069874,393.6464071015826,381.5192464831796,392.2570495605469,36461100
2025-05-01,427.8346397458207,433.669971462135,421.67182852064957,422.16802978515625,58938100
2025-05-02,428.4598783453456,436.1013902925972,426.7231738378541,431.9729919433594,30757400
2025-05-05,429.581254830481,436.1608880903925,428.8270192574835,432.856201171875,20136100
2025-05-06,428.91639204817295,434.4043769104007,427.8942186382879,430.0179443359375,15104200
2025-05-07,430.54391525930873,434.79139692835327,427.83464541633373,430.0576477050781,23295300
2025-05-08,434.60283673184324,440.29924790125443,432.3500938706748,434.8410339355469,23491300
2025-05-09,436.65712990925,437.3914981181206,432.5684361749063,435.39678955078125,15324200
2025-05-12,442.5519572732001,445.95589045656413,436.4387544599253,445.84674072265625,22821900
2025-05-13,444.37803887168343,447.24609694771215,441.9764112331301,445.72772216796875,23618800
2025-05-14,444.73528972695,450.45150777480933,444.73528972695,449.4988098144531,19902800
2025-05-15,448.1665235651595,453.5552331837817,447.8284909088357,450.5129089355469,21992300
2025-05-16,449.4391826540583,451.735838870633,446.13838030321216,451.6463623046875,23849800
2025-05-19,448.27591363294266,456.9355998797858,448.1963586877965,456.2197570800781,21336500
2025-05-20,452.9587181303489,455.69283539558984,451.69606398891386,455.5238342285156,15441800
2025-05-21,451.944595050179,455.1360468945702,449.2005259832327,449.9561462402344,19216900
2025-05-22,452.32244757902833,457.5918252828005,451.27849365115543,452.2329406738281,18025600
2025-05-23,447.3811293692874,451.06969358680703,446.3173019248347,447.5799560546875,16883500
2025-05-27,453.8435596609756,458.2877438900054,453.48562310372705,458.02923583984375,20974300
2025-05-28,458.55619745791415,459.84867709346275,454.2909661144885,454.7184753417969,17086300
2025-05-29,458.884303233251,459.05333474747385,452.68035209769624,456.0308837890625,13974800
2025-05-30,457.0648535034259,459.0135248792732,452.90900269221845,457.7011413574219,34770500
2025-06-02,454.49978904014216,459.44105553120437,454.2512329224997,459.3018798828125,16626500
2025-06-03,458.8047449110186,461.4593374660713,458.19825223653834,460.29608154296875,15743800
2025-06-04,461.32011095722316,463.0003525817652,460.3457601448262,461.19085693359375,14162700
2025-06-05,462.27455978783877,466.937474562979,461.34993839523827,464.9788513183594,20131700
2025-06-06,467.3749354769993,470.60616471423765,466.0725039656027,467.66326904296875,15285600
2025-06-09,466.98725027602023,470.69568816704816,465.9134708467471,470.0196228027344,16469900
2025-06-10,468.4686249933991,470.06931180763127,464.26304461137784,468.2001953125,15375900
2025-06-11,467.30536072753216,472.72389606625393,466.9474544926898,469.8903503417969,16399200
2025-06-12,472.276508194471,477.6453447348738,470.78517145354215,476.1042785644531,18950600
2025-06-13,473.6584649544854,476.4124557062983,470.0295518485209,472.2168273925781,16814500
2025-06-16,472.4653860858625,477.91374692205306,472.25660744971805,476.3727111816406,15626100
2025-06-17,472.65428568792316,475.97499162724574,471.3419021646973,475.279052734375,15414100
2025-06-18,475.2392860574369,478.2219594008936,471.71972301658775,477.4663391113281,17526500
2025-06-20,479.4448516392065,480.6677282539423,474.11579298541653,474.6427307128906,37576200
2025-06-23,475.44806772339973,484.932977511559,469.7810065395394,483.1930847167969,24864000
2025-06-24,486.1260232932434,489.0092679302753,483.9884166007436,487.279296875,22305600
2025-06-25,489.1982276680394,491.7036624656625,486.56353883181055,489.4268798828125,17495100
2025-06-26,490.13278082199906,495.1635541172166,489.9637493151316,494.57696533203125,21578900
2025-06-27,494.6763704185467,496.4162632322767,490.1824867596744,493.07568359375,34539200
2025-06-30,494.1693427257206,497.86785899517616,492.4691970236715,494.5372009277344,28369000
2025-07-01,493.602615314542,495.17347659984546,488.14433277768,489.2081298828125,19945400
2025-07-02,487.1600396387865,490.6497772469701,485.87751191483574,488.2536926269531,16319600
2025-07-03,490.95797554637323,497.2414813819725,490.59011735274714,495.95892333984375,13984800
2025-07-07,494.50736527479916,495.8694479262707,492.36978876052433,494.84539794921875,13981600
2025-07-08,494.36812324816447,495.3226005030518,491.2561960700141,493.751708984375,11846600
2025-07-09,497.41047691930333,503.8530622357068,496.85371365827956,500.6019592285156,18659500
2025-07-10,500.14458849842043,501.52657502305914,494.87521114411277,498.58367919921875,16492100
2025-07-11,495.59106078877636,502.1131707269345,494.9249170598048,500.4130554199219,16459500
2025-07-14,498.6234399223271,501.05930198422453,498.1362796464767,500.1147766113281,12058800
2025-07-15,500.11477392946824,505.36427783294863,499.88612172349406,502.89862060546875,14927200
2025-07-16,502.2623068754336,503.793421043838,498.99133023831314,502.69976806640625,15154400
2025-07-17,502.75940886082554,510.40499725185873,502.6997578215743,508.7446594238281,17503100
2025-07-18,511.50859420333654,511.6677041033988,504.499323712682,507.10418701171875,21209700
2025-07-21,503.7834473494323,509.132409924825,502.630143381304,507.1141052246094,14066800
2025-07-22,508.01886761548803,508.2475501614973,502.3517761230469,502.3517761230469,13868600
2025-07-23,503.8232255681408,503.8630030405687,497.80817995491657,502.94830322265625,16396600
2025-07-24,505.83155299665924,510.70324664183266,504.370041868975,507.92938232421875,16107000
2025-07-25,509.51018319793565,515.2965768746373,507.41238413754473,510.7430725097656,19125700
2025-07-28,511.1109000989904,512.0255695622142,507.1737496018482,509.5400085449219,14308000
2025-07-29,512.5525452747698,514.6304403339567,508.6054427654301,509.609619140625,16469200
2025-07-30,512.1945721471376,512.9700963143614,506.4976856980785,510.2757263183594,26380400
2025-07-31,552.0231773044421,552.2419382207228,528.8279664536001,530.418701171875,51617300
2025-08-01,531.9100652869249,532.7054326872741,517.8517174087783,521.0829467773438,28977600
2025-08-04,525.2190177406763,535.1413592423181,525.0798117410876,532.5464477539062,25349000
2025-08-05,534.0774948252555,534.196796907337,524.1949011418618,524.7019653320312,19171600
2025-08-06,527.8338028961505,528.6291703469228,521.0034855448089,521.908203125,21355700
2025-08-07,523.757448292983,525.0400367197672,514.5608717763297,517.8319091796875,16079100
2025-08-08,519.5816656001966,521.6297655095517,516.4100872243725,519.02490234375,15531000
2025-08-11,519.2833770884752,524.542862850504,516.7182612189127,518.7564697265625,20194400
2025-08-12,520.7250669698358,527.9132904806338,519.6811434112465,526.183349609375,18667000
2025-08-13,529.0368026236954,529.6234217995657,516.3703917601634,517.5734252929688,19619200
2025-08-14,519.5419572956574,522.9123929469488,517.13595097363,519.46240234375,20269100
2025-08-15,519.7507304052322,523.0614541020369,516.0820397908819,517.1657104492188,25213300
2025-08-18,518.5775217659684,519.8003983365775,511.0512359172718,514.1134033203125,23760600
2025-08-19,512.0256106523992,512.1846598699071,505.61285057663105,506.8258056640625,21481000
2025-08-20,506.92525053820776,508.0487290990465,501.526618683124,502.7992248535156,27723000
2025-08-21,501.6041452591809,505.5278315490841,500.6381609615915,502.15185546875,18443300
2025-08-22,502.1618461633245,508.6150227226763,500.32946944945456,505.1295166015625,24324200
2025-08-25,504.5319946732823,506.0855321115255,502.0323791323648,502.17181396484375,21638600
2025-08-26,502.2713680297872,502.88882606141556,496.4456179190968,499.96099853515625,30835700
2025-08-27,499.92117896114246,505.18928116929357,497.82986914621193,504.64154052734375,17277900
2025-08-28,504.99008260275673,508.9735181763212,503.406670609209,507.529541015625,18015600
2025-08-29,506.5535790393771,507.4896888132377,502.40083415821226,504.59173583984375,20961600
2025-09-02,498.3974910813857,503.90458943006223,494.75264396148896,503.0282287597656,18128000
2025-09-03,501.70375627159575,505.68719181229375,500.2398424947412,503.2572937011719,16345100
2025-09-04,502.2116394820944,506.04570238922344,501.0664078062513,505.866455078125,15509500
2025-09-05,506.9619070760115,509.8498918622262,490.3310509759443,492.9501647949219,31994800
2025-09-08,496.04724781279185,499.1244784694731,492.9800158612091,496.13690185546875,16771000
2025-09-09,499.3534910580183,500.17010260105087,495.6389570336189,496.34600830078125,14410500
2025-09-10,500.8971201283455,501.1460848531792,494.6630336933239,498.29791259765625,21611800
2025-09-11,500.17012751524385,501.08633106619584,495.8182290284252,498.9352722167969,18881600
2025-09-12,504.55191069082485,510.42747218178897,501.7635178992086,507.7884521484375,23624900
2025-09-15,506.68306017742736,513.3353599697668,504.9004642300766,513.225830078125,17143800
2025-09-16,514.7395367165727,515.0880630075219,506.4938265025834,506.9320068359375,19711900
2025-09-17,508.5054498653079,509.1726886784055,503.8348693472275,507.9079284667969,15816600
2025-09-18,509.37184097126715,510.9453149965379,505.55771489166153,506.3444519042969,18913700
2025-09-19,508.44574170609144,517.1495391803752,508.19677696926453,515.7852172851562,52474100
2025-09-22,513.4549348866175,515.5959951267806,510.41751650985566,512.3196411132812,20009300
2025-09-23,511.67229848312854,512.4590659268906,505.2091838485409,507.1212463378906,19799600
2025-09-24,508.26644250853604,510.35772177145367,504.82077941210207,508.0373840332031,13533700
2025-09-25,506.1950582100621,507.89799878212006,502.94857891661616,504.9303283691406,15786500
2025-09-26,507.9477531769938,511.8116903059077,504.52199636524745,509.3419494628906,16213100
2025-09-29,509.3817950243417,514.7096154882738,506.77264973451184,512.4689331054688,17617800
2025-09-30,511.11459757878936,516.0142062084105,507.54943619028296,515.8051147460938,19728200
2025-10-01,512.6680995330014,518.3544751787417,509.5709932440202,517.5578002929688,22632300
2025-10-02,515.4963429681408,519.4399047558908,508.56514411884206,513.6041870117188,21222900
2025-10-03,514.9585548343116,518.3345307125708,512.8672756929882,515.20751953125,15112300
2025-10-06,516.4623876768178,528.8309994124726,516.0541122577388,526.3811645507812,21388600
2025-10-07,526.1022689962125,527.6060256392368,519.2806599401652,521.8101196289062,14615200
2025-10-08,521.1130687043808,524.7678538085896,520.923853084141,522.676513671875,13363400
2025-10-09,520.1769452354545,522.158694647609,515.2574000210162,520.2366943359375,18343600
2025-10-10,517.4881335274953,521.4118200258811,507.5195762105422,508.84405517578125,24133800
2025-10-13,514.2714771071726,514.2714771071726,509.56108387533754,511.9212646484375,14284200
2025-10-14,508.1170420708167,513.146147202046,503.9045484424133,511.4432067871094,14684300
2025-10-15,512.8275263160849,515.0482722356254,507.88804423946306,511.3038330078125,14694700
2025-10-16,510.4573477017149,514.7096236704256,506.02576365101777,509.4913330078125,15559600
2025-10-17,506.9320087638593,513.3453119402852,505.20916197429216,511.4532165527344,19867800
2025-10-20,512.4788764440519,516.5519656323323,511.30377036778043,514.6498413085938,14665600
2025-10-21,515.3569857054445,516.5420602391357,510.91543308707116,515.5162963867188,15586200
2025-10-22,518.9918584655633,523.0549187669818,515.566101626736,518.3843383789062,18962700
2025-10-23,520.2964530626382,521.7802730707533,516.4623598997719,518.404296875,14023500
2025-10-24,520.6250388201142,523.1744351060786,518.5536961256696,521.441650390625,15532400
2025-10-27,529.577902779321,532.3662956890146,526.819354031342,529.3189697265625,18734700
2025-10-28,547.722348424072,551.4269140414981,538.5305910090683,539.8251953125,29986700
2025-10-29,542.6832878753321,544.0077970763692,534.5072653816836,539.3073120117188,36023000
2025-10-30,528.2831883129468,532.7545848667123,519.9578228356851,523.582763671875,41023100
2025-10-31,526.6898137654194,527.1279940743384,512.9668501497666,515.6656494140625,34006400
2025-11-03,517.657371934483,522.7860691817526,512.4590180581705,514.888916015625,22374700
2025-11-04,509.6407695643784,513.4150529816625,505.73698923396887,512.2001342773438,20958700
2025-11-05,511.17434154282535,512.6980347767452,504.4821687767013,505.0597839355469,23024300
2025-11-06,503.5659922381216,503.6058351018555,493.75677643867937,495.04144287109375,27406500
2025-11-07,494.89207027354036,497.31199999791255,491.2073803526309,494.7626037597656,24019800
2025-11-10,497.96929153220975,504.7510881917551,496.73440583349895,503.90460205078125,26101500
2025-11-11,502.70954902224156,507.48968986721945,500.26971300797675,506.573486328125,17980000
2025-11-12,507.2506574723947,509.5511194130969,497.05307240824305,509.0233154296875,26574900
2025-11-13,508.1967287528611,511.3735209246628,499.2140928412288,501.205810546875,25273100
2025-11-14,496.16679552350377,509.48142428367663,495.3800584752997,508.0672912597656,28505700
2025-11-17,506.34447416817187,509.9992593431845,502.8191251226507,505.388427734375,19092800
2025-11-18,493.31862192366924,500.89712400975867,484.76419755903834,491.74517822265625,33815100
2025-11-19,488.070453670226,493.13937183157236,480.8305400064438,485.102783203125,23245300
2025-11-20,491.5879641710541,492.4460215630244,474.41716428973194,477.3404846191406,26802500
2025-11-21,477.4103368698009,477.8293938228302,467.20362215472323,471.04486083984375,31769200
2025-11-24,473.9183160323131,475.8139832068258,466.9542001322548,472.92059326171875,34421000
2025-11-25,472.9904142849383,478.0588322743821,463.8313270788984,475.90374755859375,28019800
2025-11-26,485.2025316262965,487.1979770584782,480.10418316215106,484.3943786621094,25709100
2025-11-28,486.48962635446395,491.5081706450152,485.54177754838196,490.88958740234375,14386700
2025-12-01,487.32770213243884,488.7444513856018,483.5463243869077,485.6315612792969,23964000
2025-12-02,485.6116258193264,492.3761849539621,485.2125428025972,488.8841552734375,19562700
2025-12-03,475.23529714339696,483.13724409881166,474.1178525596479,476.64208984375,34615100
2025-12-04,478.6674679630734,480.2239129901724,475.40489514051177,479.7449951171875,22318200
2025-12-05,481.4211657314621,482.299166614698,477.78947078944657,482.0597229003906,22608700
2025-12-08,483.7858099301447,491.17890888246444,483.2769615726175,489.9018249511719,21965900
2025-12-09,487.9862027558801,490.99931449735556,487.3875630167038,490.8995361328125,14696100
2025-12-10,482.92772884397027,483.14722906115725,473.99809828560024,477.4701843261719,35756200
2025-12-11,475.5445986070271,484.92318635563356,474.7763326037194,482.3690185546875,24669200
2025-12-12,478.72734800157895,481.3513637649093,475.2552617920193,477.4402770996094,21248100
2025-12-15,479.0066832317436,479.6252664455081,471.44392797474177,473.73870849609375,23727700
2025-12-16,470.8353364785088,476.80172935648005,469.8076832860371,475.3051452636719,20705600
2025-12-17,475.8239455574328,478.9069051052783,473.9182915104317,475.0357360839844,24527200
2025-12-18,477.10104539067044,488.4850656489584,476.8017407441929,482.87786865234375,28573500
2025-12-19,486.2501387748106,486.73904362092316,481.39123391446003,484.8134460449219,70836100
2025-12-22,485.01298390813173,487.6170561484318,481.5908021440126,483.81573486328125,16963000
2025-12-23,483.8755963136496,486.71908182827985,483.63612214595605,485.7413330078125,14683600
2025-12-24,484.5739628623746,488.04604888584674,483.7258924615979,486.90863037109375,5855900
2025-12-26,485.601642461088,487.00843522519267,484.85335038112265,486.599365234375,8842200
2025-12-29,483.7558335295542,487.23790659993216,483.0773893732932,485.9907531738281,10893400
2025-12-30,484.82341501264875,488.56487537463653,484.39440153201394,486.3699035644531,13944500
2025-12-31,486.7290680267604,487.0284031238816,482.1993981667827,482.5186767578125,15601600
2026-01-02,483.2869444224563,483.5563186075122,469.0893385249197,471.8630065917969,25571600
2026-01-05,472.98042932285466,474.9858617296903,468.4308161640092,471.773193359375,25250300
2026-01-06,472.72102257015473,477.64977534720424,468.68025764779384,477.4203186035156,23037700
2026-01-07,478.6674756822987,488.5848422406915,476.86159994291296,482.3690185546875,25564200
2026-01-08,480.14408679814625,481.5608665012806,474.7763335277468,477.0212097167969,18162600
2026-01-09,472.9804540365218,478.72734693664125,471.1247042989064,478.1885681152344,18491000
2026-01-12,475.5845048686955,479.89464390147504,474.59673866594744,476.09332275390625,23519900
2026-01-13,473.5990225282599,474.6965236309785,464.888922501957,469.5981750488281,28545800
2026-01-14,465.39775666549855,467.13381499707015,456.1289340170423,458.3338928222656,28184300
2026-01-15,463.0630900555096,463.1927988881192,454.8618076165624,455.6200866699219,23225800
2026-01-16,456.78739866953146,462.13520850615447,455.4404972994736,458.8127746582031,34246700
2026-01-20,450.1924514863621,455.7597309230742,448.2568669541529,453.48492431640625,26130000
2026-01-21,451.56931960591265,451.65911099901973,437.68100562513575,443.0986328125,37980500
2026-01-22,446.600636936346,451.8087507279656,443.6873036586902,450.1126403808594,25349400
2026-01-23,450.8409629929935,470.0271819611143,449.50401819491054,464.888916015625,38000200
2026-01-26,464.25036221183507,473.1700058760031,460.94790240319116,469.20904541015625,29291200
2026-01-27,472.62128861771004,481.7703893732875,472.0825097961169,479.485595703125,29213900
2026-01-28,482.10959164059926,482.63838346935967,476.9114647448887,480.533203125,36875400
2026-01-29,438.98802836564175,441.49232224197124,420.06122635013605,432.5128173828125,128855300
2026-01-30,438.1699022937122,438.5989157576861,425.47886802078926,429.31011962890625,58566800
2026-02-02,429.2602343395754,429.7590957240154,421.28843915961005,422.4058837890625,42219900
2026-02-03,421.0489834358989,421.0888704228976,407.6296003977664,410.2735595703125,61424100
2026-02-04,410.0640575889883,418.84400576689177,408.3080557741746,413.2467956542969,45012400
2026-02-05,406.51216038211834,407.37018733348754,391.4265972483441,392.7735290527344,66289200
2026-02-06,398.2609865133262,400.87501513504304,392.0252195920243,400.22650146484375,53515300
2026-02-09,403.9280678877113,413.94521298339265,399.9571203178888,412.65814208984375,45480500
2026-02-10,418.66440278178237,422.7151545880433,411.76017861216997,412.328857421875,44857900
2026-02-11,415.2322299614449,415.51159110220135,400.096793508188,403.4491271972656,42491000
2026-02-12,404.07770370563327,405.2749831551046,397.1036315998776,400.9248962402344,40802400
2026-02-13,403.528974460687,404.61648859375555,397.1435245648219,400.4060974121094,34091600
2026-02-17,398.31087932693146,399.60790672873594,393.6315571718042,395.95623779296875,32078800
2026-02-18,397.2233488345012,401.6432531481791,395.41747315874426,398.69000244140625,23223400
2026-02-19,400.69000244140625,404.42999267578125,396.6700134277344,398.4599914550781,28234000
2026-02-20,396.1099853515625,400.1199951171875,395.1600036621094,397.2300109863281,34015200
2026-02-23,395.0,395.3599853515625,383.1000061035156,384.4700012207031,43238300
2026-02-24,384.1400146484375,389.3599853515625,381.7099914550781,389.0,33884700
2026-02-25,390.5299987792969,401.4700012207031,390.1600036621094,400.6000061035156,43625500
2026-02-26,404.7099914550781,407.489990234375,398.739990234375,401.7200012207031,34405900
2026-02-27,390.8800048828125,396.82000732421875,389.8800048828125,392.739990234375,51367200
2026-03-02,392.8599853515625,401.19000244140625,390.6300048828125,398.54998779296875,35474900
2026-03-03,393.1400146484375,406.70001220703125,392.6700134277344,403.92999267578125,38199200
2026-03-04,401.2699890136719,411.0299987792969,400.30999755859375,405.20001220703125,35808000
2026-03-05,404.4200134277344,411.6099853515625,404.3999938964844,410.67999267578125,39001300
2026-03-06,409.20001220703125,413.04998779296875,408.510009765625,408.9599914550781,31123900
2026-03-09,404.9200134277344,410.2099914550781,403.5,409.4100036621094,30131900
2026-03-10,410.0299987792969,410.20001220703125,402.92999267578125,405.760009765625,31706400
2026-03-11,405.57000732421875,409.010009765625,401.5899963378906,404.8800048828125,25512100
2026-03-12,404.6300048828125,406.1199951171875,401.7099914550781,401.8599853515625,27263900
2026-03-13,401.0,404.79998779296875,394.25,395.54998779296875,26848000
2026-03-16,398.07000732421875,400.6300048828125,394.7900085449219,399.95001220703125,27733700
2026-03-17,400.2699890136719,404.3999938964844,397.75,399.4100036621094,26228300
2026-03-18,397.1300048828125,398.0,391.0,391.7900085449219,25908500
